##,x,y,+/-,15,(from,image,shift,between,17_0_50-90rot_84955_17.tif,and,20_0_50-90rot_85019_20.tif)
##,z,+/-,250,(from,focus,values,at,defocused,images:,18_0_50-90rot_84683_18.tif,and,19_0_50-90rot_85243_19.tif)
#,i,x,y,z
1,181.431,2.3977,85035
2,427.638,1.20115,85035
3,456.897,2.45517,85035
4,484.253,1.03448,85035
5,1045.95,2.37356,85035
6,1151.92,3.83103,85035
7,1240.04,2.1069,85035
8,1285.69,2.18391,85035
9,1360.78,1.00575,85035
10,1428.94,2.76897,85035
11,1975.47,3.84368,85035
12,1808.36,4.65287,85035
13,2221.49,6.76667,85035
14,593.364,6.21724,85035
15,978.736,5.6954,85035
16,84.2529,7.93103,85035
17,404.987,8.62069,85035
18,1710.08,7.36667,85035
19,49.5402,8.77356,85035
20,1051.34,7.66322,85035
21,1168.26,8.23793,85035
22,1458.62,9.77011,85035
23,611.198,10.5011,85035
24,893.767,10.2563,85035
25,1347.7,11.3023,85035
26,1680.65,12.5483,85035
27,2164.99,13.7046,85035
28,2334.33,14.4023,85035
29,246.828,15.1034,85035
30,1548.94,15.4287,85035
31,525.054,17.6609,85035
32,646.552,17.3851,85035
33,1533.03,22.2759,85035
34,2091.42,25.069,85035
35,709.195,25.5747,85035
36,2266.05,27.0552,85035
37,869.03,28.5437,85035
38,64.7506,27.969,85035
39,1573.39,30.3414,85035
40,1407.83,32.3356,85035
41,1667.48,33.7724,85035
42,153.12,35.7138,85035
43,1436.63,37.2517,85035
44,1491.89,37.708,85035
45,1936.72,36.8805,85035
46,1848.39,36.2069,85035
47,314.339,40.3448,85035
48,431.538,40.0506,85035
49,2018.58,39.8851,85035
50,1747.94,43.3977,85035
51,1395.17,42.5287,85035
52,1824.79,43.8448,85035
53,2049.12,44.5977,85035
54,756.648,45.3713,85035
55,949.678,45.3563,85035
56,169.324,46.1931,85035
57,2149.87,46.2966,85035
58,551.982,48.2563,85035
59,846.854,48.5483,85035
60,1065.44,52.646,85035
61,2221.06,50.3655,85035
62,1241.34,54.2437,85035
63,1641.57,53.5253,85035
64,349.882,55.8655,85035
65,95.4023,54.8851,85035
66,1175.83,59.0862,85035
67,1672.72,58.3115,85035
68,199.713,61.7816,85035
69,1368.02,61.0839,85035
70,296.518,61.6966,85035
71,1137.76,63.3276,85035
72,219.828,61.3506,85035
73,530.814,64.7218,85035
74,29.5299,66.3851,85035
75,672.003,67.0494,85035
76,2187.36,65.2713,85035
77,1587.88,66.8103,85035
78,2115.69,67.0391,85035
79,2335.27,66.5598,85035
80,957.26,68.6333,85035
81,1558.64,69.0345,85035
82,1794.31,69.5701,85035
83,717.334,71.023,85035
84,590.653,71.8391,85035
85,613.723,73.7172,85035
86,798.893,74.0253,85035
87,1652.93,72.3092,85035
88,282.998,73.5632,85035
89,1979.51,73.9149,85035
90,981.218,74.7816,85035
91,86.3023,76.5644,85035
92,1257.89,75.2356,85035
93,1936.56,75.6414,85035
94,9.27356,79.3885,85035
95,125.898,79.454,85035
96,1040.5,79.2356,85035
97,1162.81,78.8172,85035
98,224.056,79.0644,85035
99,153.236,81.4598,85035
100,527.518,83.131,85035
101,1597.81,83.4414,85035
102,1856.73,85.0437,85035
103,2138.66,83.2333,85035
104,847.018,88.2184,85035
105,2080.75,84.7701,85035
106,2183.7,89.0437,85035
107,2338.34,88.6287,85035
108,1542.76,90.4851,85035
109,896.661,92.3115,85035
110,1163.07,92.8356,85035
111,1304.67,93.0885,85035
112,1720.22,93.992,85035
113,93.3908,92.0977,85035
114,618.23,94.3218,85035
115,969.54,94.2092,85035
116,2023.14,95.3851,85035
117,2065,95.8908,85035
118,2277.3,97.0782,85035
119,1006.49,97.6368,85035
120,312.069,99.4253,85035
121,778.987,102.37,85035
122,373.399,104.269,85035
123,1964.64,107.046,85035
124,240.805,105.46,85035
125,277.841,108.589,85035
126,408.161,107.655,85035
127,1204.43,107.759,85035
128,1636.64,108.018,85035
129,1711.78,108.662,85035
130,1591.95,109.063,85035
131,392.345,110.92,85035
132,425.479,110.217,85035
133,551.022,111.462,85035
134,1090.96,109.875,85035
135,125.594,112.911,85035
136,473.109,112.553,85035
137,2144.25,112.644,85035
138,834.244,113.218,85035
139,1216.57,114.828,85035
140,1756.22,114.368,85035
141,2257.04,114.009,85035
142,1033.73,119.056,85035
143,259.726,121.353,85035
144,876.228,120.324,85035
145,889.876,121.839,85035
146,1434.66,122.644,85035
147,1890.68,121.072,85035
148,2340.6,120.22,85035
149,691.298,123.563,85035
150,1489.82,123.971,85035
151,1951.23,123.486,85035
152,2304.9,125.151,85035
153,74.4034,126.039,85035
154,1258.73,128.413,85035
155,2177.39,126.245,85035
156,635.255,128.478,85035
157,1461.15,127.471,85035
158,1662.97,131.28,85035
159,595.648,129.475,85035
160,1776.58,131.717,85035
161,2276.76,134.866,85035
162,693.307,135.762,85035
163,641.554,136.756,85035
164,2006.88,137.751,85035
165,210.876,138.815,85035
166,1067.93,135.977,85035
167,198.76,139.534,85035
168,740.263,142.156,85035
169,1689.7,141.215,85035
170,1832.81,140.854,85035
171,1475.01,142.83,85035
172,950.884,147.657,85035
173,1368.54,147.164,85035
174,2121.55,147.509,85035
175,294.757,149.129,85035
176,905.599,150.295,85035
177,1359.77,149.282,85035
178,2219.35,147.701,85035
179,2317.9,149.872,85035
180,1255.25,148.686,85035
181,1761.65,151.341,85035
182,776.766,152.134,85035
183,1487.6,150,85035
184,1914.01,151.99,85035
185,466.038,154.037,85035
186,1886.96,155.445,85035
187,166.344,158.19,85035
188,8.62069,157.471,85035
189,139.622,160.04,85035
190,318.448,159.138,85035
191,2105.59,161.703,85035
192,1142.64,161.53,85035
193,542.874,162.118,85035
194,1672.24,161.771,85035
195,382.934,166.186,85035
196,1171.18,165.186,85035
197,1904.02,162.972,85035
198,223.892,163.793,85035
199,981.244,166.057,85035
200,1237.84,167.198,85035
201,205.172,168.221,85035
202,797.509,169.795,85035
203,1057.77,170.17,85035
204,1092.2,169.786,85035
205,1329.6,169.109,85035
206,313.957,169.376,85035
207,1420.08,170.589,85035
208,2192.32,170.074,85035
209,1267.83,171.951,85035
210,602.751,174.877,85035
211,888.989,175.793,85035
212,548.802,177.011,85035
213,1505.03,175.431,85035
214,267.689,178.831,85035
215,2331.38,179.747,85035
216,1841.77,180.851,85035
217,1576.44,180.46,85035
218,299.713,183.563,85035
219,1507.68,185.36,85035
220,1758.23,184.529,85035
221,1948.85,186.289,85035
222,407.328,186.638,85035
223,1209.15,188.506,85035
224,1928.74,189.655,85035
225,1045.86,190.46,85035
226,1528.86,194.747,85035
227,2318.84,193.593,85035
228,39.454,194.856,85035
229,1289.52,194.121,85035
230,1720.93,196.755,85035
231,2020.41,198.089,85035
232,65.2598,199.029,85035
233,2219.56,199.897,85035
234,426.518,199.48,85035
235,620.791,199.087,85035
236,109.614,201.254,85035
237,1689.17,201.352,85035
238,2351.45,200.775,85035
239,774.23,202.092,85035
240,1177.8,202.874,85035
241,160.699,202.431,85035
242,2138.85,204.878,85035
243,734.675,205.172,85035
244,975.489,206.667,85035
245,1601.48,207.279,85035
246,1080.63,206.052,85035
247,1409.5,205.984,85035
248,1135.63,205.747,85035
249,1950.68,209.269,85035
250,1304.5,209.434,85035
251,2063.29,208.764,85035
252,522.989,210.92,85035
253,1211.69,209.578,85035
254,2251.62,211.494,85035
255,20.1149,211.494,85035
256,628.353,215.422,85035
257,714.248,216.883,85035
258,899.968,215.997,85035
259,1238.81,214.986,85035
260,1277.68,214.751,85035
261,111.33,216.174,85035
262,1420.57,220.23,85035
263,176.99,221.817,85035
264,1147.65,222.509,85035
265,1759.71,222.031,85035
266,801.79,224.582,85035
267,866.063,224.598,85035
268,418.736,226.839,85035
269,109.736,229.659,85035
270,585.838,229.064,85035
271,922.414,227.203,85035
272,2095.94,229.94,85035
273,1469.54,230.933,85035
274,645.089,234.047,85035
275,2352.21,232.405,85035
276,1376.96,236.098,85035
277,385.868,237.592,85035
278,1591.66,241.501,85035
279,817.03,242.559,85035
280,477.498,244.032,85035
281,244.125,245.275,85035
282,524.713,243.391,85035
283,1072.66,245.008,85035
284,1326.69,244.53,85035
285,1995.42,247.276,85035
286,259.54,248.391,85035
287,1897.2,249.285,85035
288,2317.35,248.169,85035
289,1011.78,247.701,85035
290,1745.47,249.106,85035
291,2276.94,248.132,85035
292,2330.37,249.823,85035
293,809.003,250.767,85035
294,1783.12,250.836,85035
295,67.0115,254.023,85035
296,205.438,255.069,85035
297,284.647,252.955,85035
298,337.644,253.736,85035
299,2214.29,254.083,85035
300,1767.34,254.847,85035
301,962.618,257.497,85035
302,2065.52,254.023,85035
303,1126.4,258.908,85035
304,694.578,260.295,85035
305,1725.52,259.748,85035
306,2143.2,258.333,85035
307,1502.75,260.797,85035
308,1543.43,261.298,85035
309,2346.97,261.18,85035
310,472.606,263.41,85035
311,385.991,264.152,85035
312,2092.39,263.075,85035
313,1246.37,266.526,85035
314,1306.03,263.793,85035
315,1838.63,266.501,85035
316,559.146,267.486,85035
317,827.586,264.943,85035
318,338.82,266.928,85035
319,892.106,266.999,85035
320,1903.07,268.123,85035
321,316.27,269.738,85035
322,1082.18,267.816,85035
323,2040.8,268.966,85035
324,621.408,270.402,85035
325,659.509,272.779,85035
326,157.663,274.282,85035
327,1663.19,277.175,85035
328,2108.44,277.705,85035
329,1318.41,277.061,85035
330,641.475,280.747,85035
331,1207.8,282.151,85035
332,2050.63,281.766,85035
333,870,281.264,85035
334,889.614,282.553,85035
335,2027.38,284.079,85035
336,2174.58,281.477,85035
337,474.947,284.738,85035
338,2224.36,287.452,85035
339,40.2299,287.975,85035
340,193.607,286.853,85035
341,1475.62,287.972,85035
342,1586.85,287.14,85035
343,1302.44,289.368,85035
344,93.5506,290.869,85035
345,1960.05,292.937,85035
346,1071.26,291.379,85035
347,1510.95,293.678,85035
348,1768.99,296.19,85035
349,175.821,296.47,85035
350,741.923,300.668,85035
351,108.172,301.977,85035
352,2347.62,300.493,85035
353,55.3908,302.874,85035
354,282.056,303.47,85035
355,584.339,301.868,85035
356,368.175,305.316,85035
357,452.792,302.709,85035
358,1490.87,304.713,85035
359,1431.43,306.624,85035
360,333.169,307.8,85035
361,995.282,307.925,85035
362,1168.65,308.456,85035
363,812.221,311.676,85035
364,1614.87,313.013,85035
365,2345.9,311.7,85035
366,423.563,313.908,85035
367,1836.98,313.156,85035
368,10.1529,311.494,85035
369,1108.33,312.5,85035
370,2124.52,312.452,85035
371,482.874,312.989,85035
372,663.718,315.517,85035
373,1737.38,316.941,85035
374,2177.69,314.786,85035
375,1315.99,316.531,85035
376,2194.91,318.071,85035
377,1076,319.045,85035
378,895.977,318.652,85035
379,1221.66,319.497,85035
380,938.424,320.731,85035
381,1004.91,321.63,85035
382,299.905,323.946,85035
383,843.81,324.536,85035
384,1532.39,325.656,85035
385,951.359,327.586,85035
386,1102.17,327.94,85035
387,2101.13,328.076,85035
388,2272.52,329.064,85035
389,2166.67,326.437,85035
390,2308.65,328.876,85035
391,1182.76,329.167,85035
392,1326.48,330.872,85035
393,2007.69,330.608,85035
394,25.5747,329.023,85035
395,656.667,332.184,85035
396,1211.48,334.613,85035
397,1852.97,335.255,85035
398,1978.18,336.095,85035
399,456.929,337.356,85035
400,858.533,337.461,85035
401,1412.36,336.782,85035
402,90.4391,339.202,85035
403,738.506,338.889,85035
404,754.375,339.751,85035
405,2012.91,341.143,85035
406,1437.4,341.494,85035
407,524.497,342.277,85035
408,208.046,344.253,85035
409,303.831,342.911,85035
410,1216.57,344.348,85035
411,1526.44,342.96,85035
412,1907.2,348.123,85035
413,1841.49,348.345,85035
414,811.671,349.646,85035
415,542.703,350.6,85035
416,1114.94,351.355,85035
417,596.264,354.023,85035
418,699.977,353.172,85035
419,356.847,353.898,85035
420,2331.61,352.741,85035
421,277.394,354.837,85035
422,1609.26,356.685,85035
423,734.876,358.53,85035
424,1433.17,359.38,85035
425,1788.56,358.917,85035
426,1938.78,358.552,85035
427,928.584,358.953,85035
428,995.779,360.821,85035
429,1147.2,361.351,85035
430,140.063,363.274,85035
431,1408.93,362.33,85035
432,2160.48,363.464,85035
433,683.333,364.063,85035
434,1565.17,362.184,85035
435,1701.09,364.475,85035
436,1985.17,366.054,85035
437,2098.82,365.618,85035
438,364.11,367.003,85035
439,1283.14,365.9,85035
440,1365.1,367.955,85035
441,2256.99,367.433,85035
442,169.285,369.476,85035
443,823.563,368.966,85035
444,1015.09,369.54,85035
445,1041.42,373.077,85035
446,2084.1,371.647,85035
447,206.533,375.801,85035
448,771.657,374.561,85035
449,1625.92,374.31,85035
450,271.264,374.905,85035
451,410.438,377.105,85035
452,1878.89,376.995,85035
453,54.0609,380.115,85035
454,1108.48,378.807,85035
455,1339.48,380.69,85035
456,555.04,381.123,85035
457,1124.33,380.87,85035
458,1488.06,381.844,85035
459,1778.25,381.83,85035
460,1680.54,384.606,85035
461,311.207,385.489,85035
462,624.899,385.974,85035
463,896.518,385.564,85035
464,1535.34,384.253,85035
465,1264.19,387.175,85035
466,2327.65,386.559,85035
467,396.633,387.438,85035
468,1457.51,388.341,85035
469,1525.98,387.931,85035
470,258.155,391.68,85035
471,96.6092,391.897,85035
472,1270.92,391.839,85035
473,1336.64,392.864,85035
474,310,393.218,85035
475,899.823,395.446,85035
476,117.816,397.386,85035
477,2282.18,395.977,85035
478,1136.21,396.552,85035
479,1188.27,397.87,85035
480,522.216,399.98,85035
481,1933.87,400.252,85035
482,7.59655,402.309,85035
483,1606.54,401.724,85035
484,1671.01,403.544,85035
485,1208.21,403.885,85035
486,1753.24,401.829,85035
487,2245,404.023,85035
488,939.591,405.62,85035
489,564.687,406.534,85035
490,705.214,406.815,85035
491,2045.45,406.736,85035
492,1833.74,408.707,85035
493,1021.26,407.914,85035
494,2031.61,409.195,85035
495,165.301,409.626,85035
496,393.236,410.213,85035
497,514.589,411.185,85035
498,1303.2,409.934,85035
499,960.971,411.338,85035
500,2217.82,410.632,85035
501,1381.78,415.703,85035
502,1567.24,415.348,85035
503,1043.96,415.985,85035
504,448.406,417.334,85035
505,900.287,418.152,85035
506,1779.73,419.77,85035
507,1993.68,417.241,85035
508,2090.8,420.22,85035
509,1637.9,420.251,85035
510,764.783,421.999,85035
511,1351.44,421.336,85035
512,1918.17,422.514,85035
513,2104.23,423.04,85035
514,44.954,426.339,85035
515,1518.28,425.645,85035
516,401.56,425.041,85035
517,221.298,429.074,85035
518,602.022,427.736,85035
519,1891.95,425.862,85035
520,595.849,429.183,85035
521,124.654,431.903,85035
522,548.308,431.545,85035
523,1696.52,430.641,85035
524,1675.86,430.172,85035
525,1996.98,430.603,85035
526,2161.98,432.933,85035
527,2126.63,432.439,85035
528,395.122,434.91,85035
529,1650.21,436.292,85035
530,996.02,437.186,85035
531,1068.7,437.915,85035
532,874.266,438.803,85035
533,1198.6,437.954,85035
534,663.882,439.537,85035
535,2214.9,440.556,85035
536,41.223,439.132,85035
537,639.237,440.595,85035
538,732.668,440.593,85035
539,1325.17,444.253,85035
540,1476.2,446.433,85035
541,1706.9,444.425,85035
542,282.066,446.994,85035
543,968.226,448.111,85035
544,2352.04,447.492,85035
545,766.284,446.36,85035
546,1262.29,450,85035
547,1241.69,453.087,85035
548,1808.39,454.521,85035
549,1357.69,456.976,85035
550,1391.57,455.939,85035
551,2135.06,455.747,85035
552,296.807,457.982,85035
553,505.3,459.228,85035
554,1301,460.077,85035
555,1057.09,458.238,85035
556,1740.69,461.839,85035
557,1873.34,462.564,85035
558,1847.7,464.113,85035
559,1942.81,463.283,85035
560,2316.09,461.877,85035
561,1709.48,462.644,85035
562,1924.17,464.231,85035
563,2265.63,462.414,85035
564,151.034,465.92,85035
565,1566.06,466.563,85035
566,2070.31,465.667,85035
567,869.459,465.271,85035
568,2343.65,466.803,85035
569,327.394,468.862,85035
570,850,466.667,85035
571,1367.34,468.29,85035
572,203.799,470.633,85035
573,534.751,469.348,85035
574,144.397,469.899,85035
575,1144.25,471.762,85035
576,2095.49,471.177,85035
577,622.255,473.107,85035
578,1112.07,473.218,85035
579,1501.06,472.928,85035
580,2255.23,474.614,85035
581,677.586,476.921,85035
582,1586.89,476.437,85035
583,1627.95,474.452,85035
584,722.736,477.31,85035
585,999.17,478.821,85035
586,1038.46,479.262,85035
587,974.746,482.116,85035
588,872.57,481.87,85035
589,480.64,484.909,85035
590,1215,484.967,85035
591,99.4253,486.852,85035
592,1413.69,485.237,85035
593,952.948,485.583,85035
594,2193.42,486.494,85035
595,916.338,486.207,85035
596,1582.89,486.516,85035
597,1794.06,486.654,85035
598,416.359,489.108,85035
599,1259.2,488.314,85035
600,1801.2,493.33,85035
601,748.851,493.678,85035
602,2340.9,495.484,85035
603,1372.99,492.816,85035
604,241.187,496.524,85035
605,792.939,496.51,85035
606,842.024,497.022,85035
607,1052.17,496.297,85035
608,2207.88,498.728,85035
609,1999.43,499.469,85035
610,2056.15,501.874,85035
611,1680.53,505.208,85035
612,1474.2,505.977,85035
613,1107.22,508.589,85035
614,1971.02,507.225,85035
615,147.071,511.193,85035
616,632.644,509.195,85035
617,1900.62,510.22,85035
618,1872.71,511.057,85035
619,729.664,512.467,85035
620,1652.1,514.051,85035
621,1171.94,515.203,85035
622,877.471,517.701,85035
623,1924.71,515.846,85035
624,409.046,518.156,85035
625,1740.88,520.037,85035
626,27.9092,519.684,85035
627,957.536,519.945,85035
628,1473.73,518.472,85035
629,1578.97,519.598,85035
630,1812.27,522.003,85035
631,2077.3,522.414,85035
632,2099.74,524.503,85035
633,1288.31,524.713,85035
634,1495.5,531.508,85035
635,324.914,533.046,85035
636,832.792,532.623,85035
637,1146.76,531.978,85035
638,2146.03,532.66,85035
639,292.477,535.815,85035
640,544.713,532.529,85035
641,862.739,534.866,85035
642,1421.07,534.622,85035
643,1714.94,533.837,85035
644,2352.46,534.483,85035
645,1694.29,536.245,85035
646,1965.52,537.452,85035
647,1653.53,538.251,85035
648,1855.6,536.063,85035
649,2251.01,539.791,85035
650,782.4,539.763,85035
651,1825.67,538.314,85035
652,2019.35,541.762,85035
653,733.808,543.553,85035
654,904.885,544.089,85035
655,1252.89,544.4,85035
656,1845.69,544.317,85035
657,240.279,545.501,85035
658,1020.56,543.806,85035
659,1537.36,545.484,85035
660,555.592,547.98,85035
661,1469.48,547.701,85035
662,2051.23,547.659,85035
663,2319.76,547.126,85035
664,2341.57,547.876,85035
665,976.845,550.482,85035
666,625.923,551.059,85035
667,1612.36,550.821,85035
668,449.002,554.576,85035
669,951.532,550.767,85035
670,238.251,554.64,85035
671,160.575,555.78,85035
672,33.1494,558.315,85035
673,1187.27,557.38,85035
674,2232.9,556.538,85035
675,2272.72,558.046,85035
676,1122.6,562.216,85035
677,1313.41,559.387,85035
678,834.584,561.359,85035
679,1950.97,562.225,85035
680,1308.05,562.931,85035
681,1360.23,564.41,85035
682,1996.3,563.614,85035
683,2260.84,562.972,85035
684,1419.45,564.279,85035
685,1566.53,564.694,85035
686,1942.59,565.325,85035
687,1402.63,568.884,85035
688,1474.61,567.711,85035
689,1050.77,567.241,85035
690,373.563,569.909,85035
691,676.201,572.178,85035
692,752.299,571.734,85035
693,966.633,571.975,85035
694,1778.23,571.072,85035
695,2100.36,573.382,85035
696,1729.41,573.093,85035
697,2294.7,576.734,85035
698,2337.64,574.138,85035
699,229.229,577.915,85035
700,176.968,578.559,85035
701,1213.82,580.399,85035
702,1542.85,578.8,85035
703,335.684,579.467,85035
704,2329.08,578.046,85035
705,909.598,581.897,85035
706,1595.26,579.885,85035
707,590.038,584.291,85035
708,1046.83,585.328,85035
709,517.816,584.943,85035
710,935.72,586.294,85035
711,1805.51,587.19,85035
712,2185.09,588.707,85035
713,2024.24,588.645,85035
714,2239.16,588.341,85035
715,1257.96,592.693,85035
716,1924.4,592.807,85035
717,627.657,593.534,85035
718,144.08,596.006,85035
719,355.108,596.897,85035
720,2239.23,595.892,85035
721,1840.23,595.906,85035
722,1409,596.072,85035
723,223.103,596.897,85035
724,1279.31,598.403,85035
725,1490.23,598.453,85035
726,470.99,600.375,85035
727,2209.56,599.216,85035
728,693.857,601.221,85035
729,836.617,602.093,85035
730,1334.56,600.082,85035
731,1463.58,599.53,85035
732,509.822,604.754,85035
733,1721.55,603.161,85035
734,66.6667,604.598,85035
735,1528.16,605.993,85035
736,1941.4,608.028,85035
737,624.074,608.493,85035
738,1037.06,608.821,85035
739,997.291,610.92,85035
740,1424.94,608.161,85035
741,270.444,611.001,85035
742,1830.93,613.009,85035
743,2068.18,614.307,85035
744,755.172,614.339,85035
745,1587.11,613.752,85035
746,2152.06,616.254,85035
747,412.492,617.09,85035
748,309.069,618.966,85035
749,842.96,617.098,85035
750,934.926,619.459,85035
751,1644.66,619.86,85035
752,1704.5,619.862,85035
753,1140.26,619.777,85035
754,191.259,620.538,85035
755,1772.66,620.115,85035
756,436.817,622.88,85035
757,43.1034,621.839,85035
758,1839.66,624.983,85035
759,269.86,626.947,85035
760,1081.53,628.223,85035
761,1383.14,626.963,85035
762,189.824,629.175,85035
763,2029.31,628.305,85035
764,2094.01,628.817,85035
765,67.2034,631.609,85035
766,919.195,628.851,85035
767,991.677,632.886,85035
768,479.463,633.066,85035
769,1289.66,634.195,85035
770,1339.03,635.893,85035
771,606.622,637.731,85035
772,2039.77,635.632,85035
773,2183.92,638.878,85035
774,282.184,639.655,85035
775,215.936,640.282,85035
776,1443,641.954,85035
777,1873.14,642.854,85035
778,44.223,647.61,85035
779,811.546,646.133,85035
780,1178.33,648.074,85035
781,1834.02,647.299,85035
782,1512.43,649.776,85035
783,716.267,650.3,85035
784,1213.39,651.289,85035
785,1734.16,652.746,85035
786,1799.53,651.306,85035
787,1556.95,651.985,85035
788,2266.26,653.722,85035
789,504.146,653.694,85035
790,1273.61,656.336,85035
791,365.674,655.224,85035
792,1594.89,655.929,85035
793,2027.93,655.931,85035
794,927.586,655.747,85035
795,1410.77,657.433,85035
796,2120.29,657.299,85035
797,853.38,660.547,85035
798,2320.21,658.525,85035
799,2333.91,659.003,85035
800,1927.26,661.394,85035
801,875.057,661.264,85035
802,1247.6,661.913,85035
803,1508.62,661.494,85035
804,1533.27,662.836,85035
805,566.831,664.203,85035
806,694.514,665.282,85035
807,1908.19,666.056,85035
808,656.609,664.655,85035
809,261.976,668.91,85035
810,557.328,669.324,85035
811,1615.91,671.795,85035
812,778.533,671.163,85035
813,1697.51,671.494,85035
814,2187.93,668.678,85035
815,166.799,672.591,85035
816,565.632,671.379,85035
817,1198.28,673.821,85035
818,357.968,675.889,85035
819,496.853,673.809,85035
820,1085.46,676.228,85035
821,1774.26,674.548,85035
822,2314.85,674.806,85035
823,136.501,676.407,85035
824,1406.66,675.49,85035
825,1987.16,676.207,85035
826,676.231,678.079,85035
827,1375.29,676.96,85035
828,2191.09,677.394,85035
829,1131.47,678.06,85035
830,1440.74,680.04,85035
831,1010.41,681.879,85035
832,2046.25,682.694,85035
833,123.022,684.145,85035
834,835.393,684.531,85035
835,1736.33,683.269,85035
836,287.611,686.271,85035
837,705.939,684.77,85035
838,1531.4,685.423,85035
839,1858.13,687.739,85035
840,1464.2,689.306,85035
841,458.874,688.621,85035
842,2066.67,686.207,85035
843,405.834,689.986,85035
844,1286.78,687.739,85035
845,1023.08,690.805,85035
846,1717.61,691.066,85035
847,606.54,693.076,85035
848,1660.19,691.992,85035
849,868.691,695.877,85035
850,972.776,695.764,85035
851,1483.91,693.966,85035
852,243.678,696.437,85035
853,2003.07,697.672,85035
854,788.451,699.017,85035
855,949.956,698.63,85035
856,1944.66,699.357,85035
857,1511.06,700.814,85035
858,484.77,700.791,85035
859,1156.52,701.941,85035
860,2197.91,701.977,85035
861,2159.58,701.629,85035
862,837.879,703.762,85035
863,1838.97,704.368,85035
864,179.885,704.598,85035
865,1502.21,847.382,85035
866,1368.89,707.328,85035
867,523.851,709.699,85035
868,1353.08,710.826,85035
869,936.82,709.617,85035
870,1277.06,709.593,85035
871,1070.99,711.97,85035
872,680.46,711.494,85035
873,988.314,712.261,85035
874,1723.47,713.632,85035
875,855.375,716.092,85035
876,1655.11,714.54,85035
877,2114.67,716.001,85035
878,511.74,716.092,85035
879,1156.83,717.241,85035
880,1286.68,716.916,85035
881,1464.37,714.655,85035
882,2041.34,718.494,85035
883,724.12,720.56,85035
884,1762.84,717.624,85035
885,1704.1,721.183,85035
886,1979.2,719.77,85035
887,2321.95,720.413,85035
888,476.514,721.647,85035
889,1567.43,724.043,85035
890,1461.88,722.606,85035
891,1790.59,722.111,85035
892,510.031,724.556,85035
893,1678.63,724.138,85035
894,2335.91,723.763,85035
895,557.854,723.946,85035
896,1902.3,722.989,85035
897,389.685,727.163,85035
898,1987.78,725.249,85035
899,199.595,728.629,85035
900,247.701,727.126,85035
901,688.506,727.832,85035
902,1329.93,730.548,85035
903,2087.07,729.598,85035
904,2276.44,731.409,85035
905,1938.77,733.255,85035
906,2123.77,732.454,85035
907,1299.71,732.184,85035
908,1029.4,735.352,85035
909,1272.38,735.325,85035
910,1816.73,734.902,85035
911,1181.97,736.933,85035
912,659.195,737.356,85035
913,1507.74,740.539,85035
914,974.923,741.029,85035
915,1238.56,740.531,85035
916,291.745,741.328,85035
917,1404.72,742.792,85035
918,181.984,742.403,85035
919,1214.81,741.571,85035
920,143.882,744.438,85035
921,677.661,744.438,85035
922,756.645,744.576,85035
923,860.345,744.253,85035
924,1848.28,744.061,85035
925,574.406,746.322,85035
926,1524.71,745.172,85035
927,246.934,747.109,85035
928,1513.41,745.402,85035
929,487.586,749.77,85035
930,616.51,750.679,85035
931,117.586,749.233,85035
932,212.023,750.69,85035
933,1016.17,748.522,85035
934,72.431,752.508,85035
935,1522.58,750.985,85035
936,1513.68,753.448,85035
937,1538.7,753.066,85035
938,704.885,753.736,85035
939,1556.9,753.941,85035
940,1618.82,755.855,85035
941,1524,762.552,85035
942,1785.12,755.108,85035
943,796.813,758.08,85035
944,1530.08,757.024,85035
945,1543.68,754.885,85035
946,1548.85,756.034,85035
947,876.355,758.046,85035
948,1535.92,757.184,85035
949,843.853,759.445,85035
950,2247.91,760.345,85035
951,1513.81,763.026,85035
952,1544.83,759.483,85035
953,1571.15,758.966,85035
954,1600.57,759.425,85035
955,300.064,760.728,85035
956,1518.68,759.77,85035
957,1555.29,760.115,85035
958,1534.83,761.954,85035
959,1539.66,762.452,85035
960,1953.54,763.241,85035
961,2299.59,763.725,85035
962,327.54,765.471,85035
963,1175.52,763.851,85035
964,715.653,764.74,85035
965,1548.47,764.655,85035
966,1566.56,769.414,85035
967,1059.23,767.701,85035
968,403.807,768.822,85035
969,1601.92,766.092,85035
970,2153.53,766.831,85035
971,1624.15,772.557,85035
972,73.8092,770.525,85035
973,1312.76,768.621,85035
974,1518.91,773.577,85035
975,1597.7,768.966,85035
976,1773.37,770.585,85035
977,1506.32,768.966,85035
978,1611.49,769.54,85035
979,1114.77,772.82,85035
980,1557.18,771.552,85035
981,1580.17,771.264,85035
982,2202.69,773.17,85035
983,1282.38,773.755,85035
984,1296.55,773.18,85035
985,1591.71,775.041,85035
986,2185.94,774.882,85035
987,1243.52,776.829,85035
988,1310.34,773.563,85035
989,1533.62,773.851,85035
990,1693.3,777.861,85035
991,1333.68,775.517,85035
992,1343.68,776.054,85035
993,1374.14,775.862,85035
994,1550,775.862,85035
995,1578.16,775,85035
996,1339.2,777.586,85035
997,1724.09,776.614,85035
998,18.8701,778.784,85035
999,1302.01,777.874,85035
1000,1320.11,777.011,85035
1001,1330.3,778.079,85035
1002,1364.6,779.425,85035
1003,1600.87,779.96,85035
1004,1899.07,780.064,85035
1005,436.149,779.77,85035
1006,1404.89,779.167,85035
1007,1515.23,778.736,85035
1008,1389.37,780.46,85035
1009,1534.2,779.885,85035
1010,1292.53,781.724,85035
1011,1347.24,781.034,85035
1012,1361.22,786.029,85035
1013,1580.75,781.034,85035
1014,1015.44,783.169,85035
1015,1299.66,782.414,85035
1016,1309.13,783.206,85035
1017,1356.43,793.553,85035
1018,1371.15,783.103,85035
1019,1395.4,781.609,85035
1020,978.225,785.887,85035
1021,1319.69,785.451,85035
1022,1327.59,782.471,85035
1023,1336.4,788.467,85035
1024,1385.44,796.272,85035
1025,1535.44,783.525,85035
1026,1865.75,784.685,85035
1027,2079.89,785.92,85035
1028,845.546,785.416,85035
1029,2124.33,787.06,85035
1030,647.62,785.961,85035
1031,155.862,789.626,85035
1032,1068.52,786.782,85035
1033,1313.91,793.103,85035
1034,1445.9,788.424,85035
1035,738.872,792.113,85035
1036,1390.23,789.54,85035
1037,165.582,792.316,85035
1038,1323.56,792.529,85035
1039,1362.31,790.394,85035
1040,1516.18,791.511,85035
1041,5.37126,794.054,85035
1042,405.84,793.345,85035
1043,1451.38,790.69,85035
1044,645.241,795.175,85035
1045,812.463,795.287,85035
1046,1912.79,793.103,85035
1047,1390.39,793.514,85035
1048,1454.21,795.02,85035
1049,908.553,795.841,85035
1050,1116.67,794.992,85035
1051,2059.62,796.514,85035
1052,1376.15,795.69,85035
1053,1429.59,804.723,85035
1054,1333.91,798.276,85035
1055,1340.66,800.287,85035
1056,280.805,801.609,85035
1057,1444.25,798.851,85035
1058,1698.28,799.425,85035
1059,2264.77,802.299,85035
1060,1363.41,800.957,85035
1061,1377.01,800.575,85035
1062,1812.07,801.149,85035
1063,258.643,803.001,85035
1064,1393.1,803.017,85035
1065,1995.36,803.654,85035
1066,2026.95,803.478,85035
1067,996.48,804.921,85035
1068,1368.39,802.586,85035
1069,1372.41,803.64,85035
1070,2299.14,802.586,85035
1071,1360.57,806.322,85035
1072,1378.16,805.172,85035
1073,1870.13,807.332,85035
1074,2151.64,806.431,85035
1075,2326.67,807.471,85035
1076,1610.49,807.543,85035
1077,89.4736,809.74,85035
1078,1241.62,809.659,85035
1079,1383.05,808.046,85035
1080,1437.7,812.069,85035
1081,1422.41,811.494,85035
1082,513.448,811.839,85035
1083,890.331,814.401,85035
1084,1604.65,815.217,85035
1085,1947.95,813.118,85035
1086,533.402,814.184,85035
1087,2240.42,813.601,85035
1088,56.1299,816.89,85035
1089,1098.16,816.785,85035
1090,581.034,815.517,85035
1091,548.897,819.333,85035
1092,1212.07,817.241,85035
1093,1437.16,818.008,85035
1094,2043.56,819.885,85035
1095,1430.46,822.222,85035
1096,1170.53,824.614,85035
1097,1347.8,825.064,85035
1098,425.491,825.639,85035
1099,762.111,826.002,85035
1100,199.282,824.569,85035
1101,322.708,827.366,85035
1102,381.322,824.713,85035
1103,404.497,825.726,85035
1104,2132.34,828.207,85035
1105,885.099,829.803,85035
1106,1709.1,829.945,85035
1107,2231.49,830.575,85035
1108,1551.19,832.964,85035
1109,1112.31,833.333,85035
1110,1745.88,834.889,85035
1111,1558.97,834.828,85035
1112,1233.11,837.792,85035
1113,1994.04,837.213,85035
1114,641.48,838.303,85035
1115,1092.79,837.975,85035
1116,1163.96,837.192,85035
1117,1698.14,838.828,85035
1118,562.644,843.391,85035
1119,1556.03,840.805,85035
1120,1821.88,841.801,85035
1121,960.557,843.743,85035
1122,1766,843.486,85035
1123,2083.67,845.909,85035
1124,278.736,843.966,85035
1125,451.629,844.828,85035
1126,1072,846.716,85035
1127,850.61,850.61,85035
1128,2162.52,849.49,85035
1129,460.256,852.269,85035
1130,923.643,853.567,85035
1131,1956,852.384,85035
1132,2242.63,853.584,85035
1133,698.128,855.822,85035
1134,1137.64,853.736,85035
1135,1340.3,855.747,85035
1136,1849.1,855.666,85035
1137,3.56322,854.828,85035
1138,122.578,854.926,85035
1139,1905,856.691,85035
1140,2293.57,856.166,85035
1141,2319.54,856.938,85035
1142,1411.15,856.207,85035
1143,1313.08,857.572,85035
1144,1450.21,858.464,85035
1145,2341.78,857.515,85035
1146,173.063,860.197,85035
1147,199.844,859.926,85035
1148,1048.73,861.138,85035
1149,1553.59,859.195,85035
1150,644.191,863.638,85035
1151,1410.15,861.494,85035
1152,1544.25,859.77,85035
1153,1404.92,863.538,85035
1154,1694.54,861.925,85035
1155,1134.82,864.875,85035
1156,1564.94,863.793,85035
1157,3.36667,867.406,85035
1158,1010.64,867.162,85035
1159,1744.72,866.99,85035
1160,2224.25,867.126,85035
1161,1468.77,867.146,85035
1162,1577.69,869.54,85035
1163,1572.3,868.621,85035
1164,865.457,871.245,85035
1165,222.259,873.268,85035
1166,740.331,872.177,85035
1167,406.415,874.729,85035
1168,343.834,873.615,85035
1169,921.51,874.671,85035
1170,1256.83,876.085,85035
1171,2317.82,874.138,85035
1172,88.3908,877.394,85035
1173,1373.31,876.759,85035
1174,472.74,880.91,85035
1175,1442.88,883.578,85035
1176,1578.83,880.939,85035
1177,358.151,882.289,85035
1178,322.008,883.266,85035
1179,1393.68,883.206,85035
1180,2127.64,884.594,85035
1181,2258.29,884.422,85035
1182,1421.03,884.483,85035
1183,1426.9,884.483,85035
1184,544.277,886.953,85035
1185,1496.21,886.82,85035
1186,1662.23,885.797,85035
1187,1426.33,905.084,85035
1188,1400,888.506,85035
1189,1432.18,887.069,85035
1190,2042.82,890.168,85035
1191,1025.46,891.552,85035
1192,1037.36,889.08,85035
1193,1318.45,891.656,85035
1194,1407.76,888.793,85035
1195,240.186,891.291,85035
1196,1831.57,892.493,85035
1197,2340.71,891.715,85035
1198,280.669,892.32,85035
1199,1395.85,891.89,85035
1200,1435.71,890.886,85035
1201,672.489,894.378,85035
1202,1719.89,896.437,85035
1203,2067.76,896.029,85035
1204,1285.08,897.424,85035
1205,1356.21,895.747,85035
1206,1683.86,898.679,85035
1207,1861.04,897.684,85035
1208,1991.34,898.932,85035
1209,1478.41,897.783,85035
1210,852.053,899.671,85035
1211,1741.74,901.293,85035
1212,522.824,903.284,85035
1213,1506.36,903.341,85035
1214,63.3483,905.58,85035
1215,989.623,907.056,85035
1216,1040.09,905.747,85035
1217,2314.97,907.169,85035
1218,1443.68,909.003,85035
1219,1447.01,908.621,85035
1220,1788.94,907.902,85035
1221,111.248,910.208,85035
1222,313.192,911.363,85035
1223,1578.74,907.931,85035
1224,1810.33,911.261,85035
1225,1093.4,912.452,85035
1226,1782.18,911.379,85035
1227,548.595,911.941,85035
1228,804.598,913.685,85035
1229,1506.32,910.92,85035
1230,1768.66,912.246,85035
1231,20.7989,914.368,85035
1232,973.333,912.759,85035
1233,203.076,916.16,85035
1234,1835.54,915.613,85035
1235,2234.29,915.325,85035
1236,475.431,917.433,85035
1237,685.876,917.886,85035
1238,1557.04,918.534,85035
1239,1681.03,916.092,85035
1240,1947.04,917.993,85035
1241,741.315,918.326,85035
1242,1478.88,922.557,85035
1243,2274.83,925.603,85035
1244,1560.06,925,85035
1245,355.038,927.843,85035
1246,1552.43,926.245,85035
1247,156.524,928.378,85035
1248,890.595,927.847,85035
1249,1963.79,925.575,85035
1250,1403.42,929.21,85035
1251,1197.89,929.821,85035
1252,1393.73,930.511,85035
1253,640.737,930.19,85035
1254,855.237,931.013,85035
1255,1564.45,931.609,85035
1256,1128.09,932.647,85035
1257,383.844,931.992,85035
1258,1643.97,933.908,85035
1259,2072.92,932.439,85035
1260,592.529,934.584,85035
1261,1164.81,933.141,85035
1262,1568.27,937.429,85035
1263,287.011,933.908,85035
1264,728.905,935.937,85035
1265,758.202,935.423,85035
1266,113.506,937.701,85035
1267,556.013,937.622,85035
1268,666.602,938.378,85035
1269,2018.82,937.428,85035
1270,2089.08,937.126,85035
1271,2164.81,936.951,85035
1272,1246.03,938.087,85035
1273,2138.37,940.263,85035
1274,1273.09,942.052,85035
1275,1335.99,943.617,85035
1276,416.22,942.689,85035
1277,1878.84,942.999,85035
1278,1911.14,944.408,85035
1279,2204.82,943.803,85035
1280,243.047,945.626,85035
1281,342.491,944.406,85035
1282,64.8149,947.191,85035
1283,288.454,946.343,85035
1284,836.453,949.671,85035
1285,2044.33,950.714,85035
1286,2325.9,950.17,85035
1287,1568.39,950.192,85035
1288,1614.1,952.682,85035
1289,131.24,952.874,85035
1290,793.525,952.759,85035
1291,1285.79,955.492,85035
1292,1731.57,954.179,85035
1293,452.628,954.816,85035
1294,548.211,954.725,85035
1295,581.716,955.322,85035
1296,1331.21,957.436,85035
1297,1360.92,954.598,85035
1298,1377.06,955.016,85035
1299,2307.99,955.852,85035
1300,84.8655,955.492,85035
1301,257.816,955.287,85035
1302,1622.41,956.609,85035
1303,868.391,958.333,85035
1304,1346.78,957.356,85035
1305,1351.81,958.867,85035
1306,2096.95,959.949,85035
1307,1372.13,959.483,85035
1308,1566.67,959.195,85035
1309,1936.44,963.137,85035
1310,1699.94,963.675,85035
1311,1985.55,963.177,85035
1312,806.897,964.994,85035
1313,923.482,966.366,85035
1314,1389.37,962.644,85035
1315,1113.22,965.709,85035
1316,1370.31,965.07,85035
1317,1378.74,964.368,85035
1318,2000.45,967.539,85035
1319,408.391,966.782,85035
1320,1347.41,966.667,85035
1321,1380.97,970.755,85035
1322,1765.34,969.344,85035
1323,311.168,970.814,85035
1324,1400.57,968.008,85035
1325,1568.39,968.103,85035
1326,1177.01,972.502,85035
1327,504.933,974.474,85035
1328,1887.44,974.893,85035
1329,988.054,974.918,85035
1330,1043.43,975.862,85035
1331,1436.61,978.533,85035
1332,2334.24,977.34,85035
1333,117.816,978.161,85035
1334,431.501,980.172,85035
1335,704.386,979.583,85035
1336,872.12,980.951,85035
1337,1373.56,978.161,85035
1338,1160.94,981.331,85035
1339,1068.31,982.652,85035
1340,62.5345,983.552,85035
1341,166.18,984.66,85035
1342,46.2644,985.805,85035
1343,615.9,986.063,85035
1344,2156.07,986.811,85035
1345,361.46,988.175,85035
1346,734.91,988.137,85035
1347,1699.5,989.716,85035
1348,1766.17,988.487,85035
1349,1342.01,988.698,85035
1350,1846.88,987.931,85035
1351,2240.29,989.195,85035
1352,224.77,990.747,85035
1353,588.238,993.333,85035
1354,2092.4,993.855,85035
1355,1394.77,994.746,85035
1356,1495.19,997.343,85035
1357,2342.89,994.618,85035
1358,1015.09,997.808,85035
1359,182.894,998.276,85035
1360,1613.99,999.626,85035
1361,963.921,999.808,85035
1362,545.115,1003.61,85035
1363,1070.91,1003.23,85035
1364,1250.87,1002.64,85035
1365,1269.9,1003.98,85035
1366,94.2092,1006.03,85035
1367,1130.86,1004.77,85035
1368,1088.45,1004.75,85035
1369,1376.04,1007.89,85035
1370,650.111,1007.84,85035
1371,2003.77,1010.33,85035
1372,2037.36,1009.43,85035
1373,405.172,1009.77,85035
1374,589.138,1012.7,85035
1375,1551.48,1011.74,85035
1376,2230.01,1014.22,85035
1377,674.138,1014.46,85035
1378,567.137,1015.62,85035
1379,1017.82,1013.91,85035
1380,288.506,1015.52,85035
1381,1208.73,1016.82,85035
1382,779.741,1017.24,85035
1383,30,1017.59,85035
1384,231.034,1017.24,85035
1385,1585.03,1019.57,85035
1386,2267.62,1020.31,85035
1387,366.818,1020.36,85035
1388,1351.29,1019.97,85035
1389,1149.81,1023.41,85035
1390,2090.84,1022.62,85035
1391,681.203,1024,85035
1392,1863.17,1024.98,85035
1393,1226.15,1026.11,85035
1394,1252.41,1024.82,85035
1395,382.184,1026.28,85035
1396,825.67,1028.08,85035
1397,1327.13,1026.78,85035
1398,1637.62,1026.3,85035
1399,258.499,1029.9,85035
1400,1537.03,1031.9,85035
1401,1492.93,1034.55,85035
1402,2078.91,1033.38,85035
1403,785.002,1035.58,85035
1404,1032.44,1037.32,85035
1405,416.136,1038.06,85035
1406,568.103,1039.94,85035
1407,1181.12,1041.6,85035
1408,752.403,1043,85035
1409,506.897,1042.53,85035
1410,1208.62,1044.96,85035
1411,894.579,1048.17,85035
1412,1330.87,1048.31,85035
1413,2333.46,1048.52,85035
1414,88.108,1048.23,85035
1415,1628.77,1049.33,85035
1416,1831.99,1050.56,85035
1417,1808.34,1049.77,85035
1418,1934.48,1050.25,85035
1419,2124.27,1051.62,85035
1420,1115.52,1051.77,85035
1421,925.402,1051.84,85035
1422,220.422,1053.83,85035
1423,429.885,1052.59,85035
1424,187.836,1053.83,85035
1425,1027.75,1056.9,85035
1426,1423.64,1057.01,85035
1427,1636.45,1055.99,85035
1428,2153.11,1058.19,85035
1429,1771.99,1059.32,85035
1430,207.668,1060.9,85035
1431,494.667,1061.04,85035
1432,707.011,1058.28,85035
1433,1002.16,1061.65,85035
1434,2254.41,1060.97,85035
1435,2286.58,1060.44,85035
1436,1197.78,1061.25,85035
1437,1342.69,1060.97,85035
1438,1387.67,1062.96,85035
1439,1994.06,1062.26,85035
1440,1666.71,1063.55,85035
1441,1864.26,1065.14,85035
1442,1495.85,1063.92,85035
1443,1613.04,1065.21,85035
1444,130.021,1069.74,85035
1445,1709.97,1071.4,85035
1446,1895.71,1069.47,85035
1447,2003.06,1070.32,85035
1448,1871.15,1071.38,85035
1449,1960.57,1070,85035
1450,435.882,1074.76,85035
1451,852.543,1077.55,85035
1452,765.107,1078.49,85035
1453,1259.77,1080.75,85035
1454,70.2126,1083.42,85035
1455,346.387,1085.03,85035
1456,1592.85,1083.27,85035
1457,1415.37,1084.87,85035
1458,1467.33,1085.83,85035
1459,735.603,1087.59,85035
1460,973.028,1087.46,85035
1461,1029.9,1086.46,85035
1462,1578.31,1087.39,85035
1463,1676.74,1087.75,85035
1464,1754.6,1087.01,85035
1465,2161.69,1091.1,85035
1466,296.317,1091.68,85035
1467,1951.31,1090.31,85035
1468,883.382,1092.39,85035
1469,1107.67,1093.87,85035
1470,2315.72,1092.68,85035
1471,1730.96,1093.17,85035
1472,570.955,1095.74,85035
1473,113.678,1095.06,85035
1474,2089.37,1096.81,85035
1475,831.992,1095.79,85035
1476,2253.41,1098,85035
1477,240.476,1097.13,85035
1478,1309.44,1097.13,85035
1479,1969.16,1099.77,85035
1480,349.08,1102.46,85035
1481,945.134,1102.57,85035
1482,1264.66,1100.29,85035
1483,1361.34,1104.52,85035
1484,909.956,1105.83,85035
1485,424.023,1105.4,85035
1486,1070.63,1106,85035
1487,1153.63,1106.76,85035
1488,1529.53,1106.64,85035
1489,1750.38,1108.11,85035
1490,626.916,1110.22,85035
1491,2235.33,1108.69,85035
1492,850.646,1111.03,85035
1493,1291.48,1109.98,85035
1494,1303.45,1113.22,85035
1495,2353.16,1112.36,85035
1496,1842.86,1114.61,85035
1497,348.851,1113.79,85035
1498,458.346,1116.37,85035
1499,2115.85,1118.89,85035
1500,2265.52,1116.09,85035
1501,754.722,1120.05,85035
1502,261.909,1121.81,85035
1503,984.483,1119.2,85035
1504,196.408,1122.59,85035
1505,399.7,1122.94,85035
1506,653.147,1122.96,85035
1507,1796.36,1120.69,85035
1508,282.305,1123.68,85035
1509,798.818,1125.7,85035
1510,1127.01,1122.41,85035
1511,1427.69,1124.84,85035
1512,1178.61,1126.36,85035
1513,1206.49,1126.06,85035
1514,1512.82,1126.61,85035
1515,1643.24,1126.98,85035
1516,1953.06,1128.46,85035
1517,2200.44,1126.22,85035
1518,501.962,1130.1,85035
1519,1994.17,1129.31,85035
1520,600.767,1130.65,85035
1521,997.069,1131.84,85035
1522,68.8885,1133.72,85035
1523,222.874,1133.22,85035
1524,492.661,1134.39,85035
1525,973.218,1132.07,85035
1526,144.857,1136.27,85035
1527,1881.03,1137.99,85035
1528,1594.37,1139.46,85035
1529,1667.89,1139.33,85035
1530,1018.31,1140.56,85035
1531,1328.95,1142.91,85035
1532,572.262,1142.92,85035
1533,2178.45,1143.34,85035
1534,987.661,1143.98,85035
1535,1562.18,1145.37,85035
1536,2027.25,1145.67,85035
1537,1276.53,1146.81,85035
1538,1389.08,1144.67,85035
1539,359.08,1146.21,85035
1540,1697.05,1147.03,85035
1541,54.1046,1147.7,85035
1542,837.931,1147.13,85035
1543,864.614,1147.54,85035
1544,325.592,1150.54,85035
1545,432.376,1153,85035
1546,616.236,1151.87,85035
1547,1959.77,1151.15,85035
1548,1114.83,1156.32,85035
1549,1904.48,1154.83,85035
1550,2277.3,1154.6,85035
1551,711.686,1159.2,85035
1552,1456,1160.59,85035
1553,1425.29,1159.52,85035
1554,2058.83,1160.89,85035
1555,1532.83,1161.14,85035
1556,800.486,1164.03,85035
1557,2111.76,1163.26,85035
1558,2225.66,1164.98,85035
1559,915.349,1166.88,85035
1560,1211.62,1167.8,85035
1561,663.516,1168.39,85035
1562,1342.32,1168.18,85035
1563,202.399,1170.09,85035
1564,1617.61,1169.33,85035
1565,1779.04,1172.15,85035
1566,70.4138,1171.89,85035
1567,1962.53,1171.49,85035
1568,283.606,1174.96,85035
1569,589.56,1174.27,85035
1570,1996.19,1174.59,85035
1571,2296.55,1173.08,85035
1572,738.715,1174.92,85035
1573,16.2184,1176.44,85035
1574,461.724,1174.14,85035
1575,1795.68,1176.67,85035
1576,48.6586,1176.37,85035
1577,78.1609,1177.16,85035
1578,2073.66,1177.25,85035
1579,2247.32,1177.46,85035
1580,706.184,1179.15,85035
1581,865.271,1177.59,85035
1582,2139.08,1180.42,85035
1583,521.494,1182.27,85035
1584,976.092,1182.53,85035
1585,241.613,1183.33,85035
1586,1035.23,1182.94,85035
1587,1840.41,1185.33,85035
1588,116.755,1185.23,85035
1589,339.683,1186.75,85035
1590,401.892,1185.6,85035
1591,2341.7,1184.87,85035
1592,139.21,1186.23,85035
1593,2103.24,1188.3,85035
1594,1139.82,1190.07,85035
1595,1265.52,1190.8,85035
1596,1310.82,1191.86,85035
1597,494.253,1195.11,85035
1598,563.618,1195.84,85035
1599,2041.07,1195.36,85035
1600,1565.96,1196.6,85035
1601,1015.23,1195.4,85035
1602,1875.64,1198.08,85035
1603,374.282,1199.35,85035
1604,743.486,1200.96,85035
1605,2342.87,1198.58,85035
1606,51.7621,1200.42,85035
1607,920.618,1204.42,85035
1608,1184.06,1202.25,85035
1609,1202.83,1203.78,85035
1610,1641.66,1203.99,85035
1611,1047.3,1205.02,85035
1612,1915.32,1205.47,85035
1613,2224.46,1205.17,85035
1614,661.052,1204.29,85035
1615,1716.51,1205.59,85035
1616,1130.62,1208,85035
1617,1767.54,1206.62,85035
1618,2256.24,1207.74,85035
1619,1411.49,1207.26,85035
1620,616.338,1209.74,85035
1621,87.7011,1210.34,85035
1622,1294.37,1211.01,85035
1623,1014.94,1212.43,85035
1624,1643.97,1210.92,85035
1625,1597.8,1215.38,85035
1626,817.177,1216.88,85035
1627,1331.46,1215.32,85035
1628,19.6218,1218.02,85035
1629,223.103,1216.44,85035
1630,948.428,1218.36,85035
1631,1091,1217.82,85035
1632,2326.57,1218.19,85035
1633,2049.78,1219.74,85035
1634,1068.35,1221.6,85035
1635,1447.89,1221.07,85035
1636,1964.46,1228.12,85035
1637,1458.9,1230.25,85035
1638,2138.74,1229.08,85035
1639,511.732,1230.26,85035
1640,2117.2,1229.53,85035
1641,730.237,1231.45,85035
1642,1175.65,1230.56,85035
1643,1100.57,1232.09,85035
1644,1600.23,1232.07,85035
1645,1774.5,1236.12,85035
1646,38.6379,1235.63,85035
1647,156.59,1235.71,85035
1648,1502.05,1236.21,85035
1649,1556.81,1236.37,85035
1650,850.182,1237.17,85035
1651,1698.89,1238.74,85035
1652,1840.16,1237.46,85035
1653,291.918,1239.12,85035
1654,1109.06,1238.94,85035
1655,2279.21,1238.31,85035
1656,1365.49,1240.76,85035
1657,2029.64,1238.51,85035
1658,108.046,1241.38,85035
1659,231.887,1242.09,85035
1660,1734.58,1241.76,85035
1661,2195.68,1241.44,85035
1662,1184.77,1242.86,85035
1663,1907.88,1242.28,85035
1664,46.4563,1243.87,85035
1665,1402.06,1245.95,85035
1666,355.268,1245.93,85035
1667,461.178,1249.41,85035
1668,2012.38,1248.49,85035
1669,736.009,1250.04,85035
1670,1011.07,1250.15,85035
1671,1310.3,1250.86,85035
1672,1332.25,1251.49,85035
1673,894.575,1254.99,85035
1674,823.399,1255.85,85035
1675,80.2483,1257.26,85035
1676,606.322,1257.55,85035
1677,2339.2,1256.3,85035
1678,1883.83,1258.39,85035
1679,2035.25,1256.7,85035
1680,2164.94,1256.67,85035
1681,164.425,1259.37,85035
1682,1077.84,1259.44,85035
1683,1434.74,1258.62,85035
1684,1660.59,1261.07,85035
1685,214.943,1260.92,85035
1686,1136.4,1263.71,85035
1687,1837.4,1266.13,85035
1688,266.421,1265.93,85035
1689,2144.13,1266.92,85035
1690,700.132,1269.45,85035
1691,1623.7,1270.8,85035
1692,395.223,1271.34,85035
1693,1990.13,1272.58,85035
1694,2097.44,1272.12,85035
1695,921.908,1272.71,85035
1696,184.262,1273.87,85035
1697,1728.3,1274.84,85035
1698,2301.08,1273.5,85035
1699,2219.06,1276.44,85035
1700,63.9655,1276.55,85035
1701,794.828,1277.36,85035
1702,885.753,1278.67,85035
1703,1505.32,1276.58,85035
1704,1675.5,1278.74,85035
1705,1099.81,1277.87,85035
1706,542.96,1278.88,85035
1707,1447.27,1282,85035
1708,521.566,1284.35,85035
1709,636.001,1282.88,85035
1710,730.92,1282.11,85035
1711,1044.01,1284.69,85035
1712,1481.32,1285.6,85035
1713,1887.29,1285.26,85035
1714,2120.22,1284.22,85035
1715,1318.5,1286.05,85035
1716,422.414,1285.63,85035
1717,707.674,1287.8,85035
1718,794.121,1287.75,85035
1719,1160.04,1288.08,85035
1720,1290.39,1289.8,85035
1721,134.713,1289.2,85035
1722,303.305,1292.67,85035
1723,347.492,1290.75,85035
1724,601.149,1294.44,85035
1725,1193.21,1296.77,85035
1726,335.684,1299.5,85035
1727,2341.88,1298.38,85035
1728,1009.12,1299.57,85035
1729,1284.48,1299.48,85035
1730,220.656,1302.3,85035
1731,997.259,1301.19,85035
1732,1382.18,1302.6,85035
1733,1801.94,1301.26,85035
1734,1122.63,1301.44,85035
1735,2083.91,1300.19,85035
1736,575.71,1305.41,85035
1737,840.432,1307.13,85035
1738,934.598,1308.85,85035
1739,2055.25,1310.8,85035
1740,792.061,1312.07,85035
1741,476.532,1311.4,85035
1742,1586.78,1312.77,85035
1743,1718.58,1312.37,85035
1744,1212.73,1314.42,85035
1745,1520.96,1312.86,85035
1746,2002.6,1313.4,85035
1747,1456.48,1315.8,85035
1748,652.511,1316.37,85035
1749,970.69,1315.46,85035
1750,583.687,1317.82,85035
1751,303.928,1318.61,85035
1752,1954.34,1319.37,85035
1753,2194.67,1318.7,85035
1754,423.145,1320.64,85035
1755,711.877,1322.11,85035
1756,773.317,1325.78,85035
1757,1042.34,1327.6,85035
1758,1586.53,1326.79,85035
1759,87.931,1327.35,85035
1760,863.41,1327.01,85035
1761,124.176,1327.47,85035
1762,1414.37,1329.03,85035
1763,1818.76,1328.69,85035
1764,487.666,1330.11,85035
1765,1249.28,1330.32,85035
1766,567.518,1334.46,85035
1767,662.797,1333.37,85035
1768,1842.13,1333.97,85035
1769,1917.61,1336.42,85035
1770,66.2885,1338.18,85035
1771,1087.07,1338.07,85035
1772,1503.94,1340.02,85035
1773,1704.25,1340.19,85035
1774,2095.23,1339.18,85035
1775,2031.23,1338.76,85035
1776,2324.61,1338.92,85035
1777,2340.25,1341.15,85035
1778,909.934,1341.08,85035
1779,1054.12,1340.67,85035
1780,2257.27,1342.16,85035
1781,360.345,1342.6,85035
1782,402.874,1341.38,85035
1783,1902.49,1343.68,85035
1784,2025.42,1345.17,85035
1785,580.789,1344.91,85035
1786,473.285,1345.81,85035
1787,881.332,1345.66,85035
1788,1278.49,1349.44,85035
1789,700.383,1347.7,85035
1790,2291.24,1351.78,85035
1791,2177.82,1352.48,85035
1792,1297.29,1351.81,85035
1793,1583.66,1353.3,85035
1794,2225.02,1352.53,85035
1795,1880.62,1352.63,85035
1796,438.075,1355.78,85035
1797,503.038,1354.84,85035
1798,629.885,1354.31,85035
1799,1019.06,1353.93,85035
1800,1405.25,1355.09,85035
1801,1154.74,1357.54,85035
1802,258.046,1358.05,85035
1803,1661.29,1359.46,85035
1804,139.416,1360.34,85035
1805,179.716,1361.83,85035
1806,1927.87,1360.63,85035
1807,2121.39,1364.11,85035
1808,450.821,1364.53,85035
1809,1204.41,1363.92,85035
1810,222.452,1366.28,85035
1811,1447.09,1366.47,85035
1812,1007.35,1368.14,85035
1813,1352.38,1369.95,85035
1814,63.4609,1370.87,85035
1815,292.647,1370.41,85035
1816,843.678,1370.33,85035
1817,905.654,1370.1,85035
1818,1368.11,1370.27,85035
1819,693.983,1372.92,85035
1820,1213.72,1371.99,85035
1821,1952.99,1374.1,85035
1822,1787.66,1374.71,85035
1823,397.126,1376.12,85035
1824,784.286,1376.46,85035
1825,1986.08,1375.74,85035
1826,353.055,1378.22,85035
1827,1187.72,1377.06,85035
1828,498.915,1378.61,85035
1829,1096.89,1379.65,85035
1830,1730.54,1380.54,85035
1831,132.184,1380.27,85035
1832,676.989,1382.37,85035
1833,1242.59,1384.99,85035
1834,96.9793,1388.52,85035
1835,947.771,1388.14,85035
1836,1124.78,1387.93,85035
1837,2255.96,1387.14,85035
1838,833.197,1389.08,85035
1839,414.841,1393.48,85035
1840,2148.01,1395.48,85035
1841,1052.63,1395.16,85035
1842,1579.53,1395.69,85035
1843,1827.86,1397.77,85035
1844,718.139,1399.21,85035
1845,495.347,1400.28,85035
1846,682.759,1398.42,85035
1847,647.701,1399.43,85035
1848,1310.36,1402.04,85035
1849,1587,1401.5,85035
1850,796.667,1402.64,85035
1851,1008.05,1402.3,85035
1852,1339.17,1404.51,85035
1853,1700.9,1405.1,85035
1854,1970.02,1405.17,85035
1855,2216.7,1404.71,85035
1856,1467.35,1407.67,85035
1857,143.283,1408.8,85035
1858,218.916,1407.87,85035
1859,605.438,1407.91,85035
1860,1842.17,1410.37,85035
1861,361.207,1412.36,85035
1862,1410.17,1412.02,85035
1863,295.048,1413.44,85035
1864,1172.51,1413.27,85035
1865,1260.17,1412.69,85035
1866,2164.04,1412.56,85035
1867,624.976,1416.31,85035
1868,983.908,1416.83,85035
1869,652.241,1417.53,85035
1870,1925.45,1416.99,85035
1871,1112.99,1419.81,85035
1872,1613.53,1419.62,85035
1873,1993.36,1420.11,85035
1874,1770.44,1421.54,85035
1875,1146.05,1421.77,85035
1876,1648.97,1423.76,85035
1877,2026.42,1425.76,85035
1878,1365.54,1426.31,85035
1879,1520.11,1427.12,85035
1880,2322.18,1427.13,85035
1881,895.172,1427.66,85035
1882,850.821,1428.33,85035
1883,1815.02,1428.49,85035
1884,1070.82,1430.52,85035
1885,118.276,1433.17,85035
1886,72.9885,1433.4,85035
1887,823.276,1434.99,85035
1888,373.122,1436.1,85035
1889,2094.23,1435.93,85035
1890,1680.08,1434.67,85035
1891,200.372,1439.32,85035
1892,499.233,1438.31,85035
1893,2169.08,1438.74,85035
1894,64.7943,1441.47,85035
1895,181.645,1441.6,85035
1896,765.325,1443.45,85035
1897,1736.29,1445.07,85035
1898,1261.71,1444.31,85035
1899,656.466,1445.69,85035
1900,28.4977,1448.04,85035
1901,1208.62,1447.83,85035
1902,1388.76,1446.55,85035
1903,1893.41,1448.01,85035
1904,958.005,1449.22,85035
1905,2279.93,1450.5,85035
1906,2323.65,1451.32,85035
1907,2051.36,1452.49,85035
1908,556.201,1453.87,85035
1909,1608.02,1456.35,85035
1910,408.944,1456,85035
1911,438.378,1456.77,85035
1912,1393.5,1455.99,85035
1913,2194.25,1455.17,85035
1914,905.989,1457.42,85035
1915,128.236,1459.34,85035
1916,1870.79,1457.42,85035
1917,1307.29,1460.12,85035
1918,1526,1459.26,85035
1919,1924.86,1458.62,85035
1920,2141.67,1458.05,85035
1921,918.179,1459.92,85035
1922,1038.97,1458.51,85035
1923,1112.61,1460.19,85035
1924,1371.95,1461.03,85035
1925,1704.67,1461.55,85035
1926,526.954,1461.38,85035
1927,1058.31,1462.2,85035
1928,1134.99,1462.52,85035
1929,2262.41,1461.95,85035
1930,279.828,1465.86,85035
1931,2161.58,1466.35,85035
1932,2224.33,1466.24,85035
1933,334.757,1468.14,85035
1934,657.332,1469.66,85035
1935,2176.67,1467.01,85035
1936,2272.49,1472.34,85035
1937,1305.32,1472.99,85035
1938,1507.65,1474.38,85035
1939,2094.03,1472.72,85035
1940,164.943,1474.04,85035
1941,318.652,1474.82,85035
1942,1207.53,1474.36,85035
1943,1290.57,1474.65,85035
1944,1813.48,1475.02,85035
1945,744.109,1478.38,85035
1946,1332.02,1479.06,85035
1947,525.862,1480.87,85035
1948,1625.91,1480.19,85035
1949,1992.82,1477.87,85035
1950,2228.16,1481.3,85035
1951,1846.09,1481.31,85035
1952,2106.6,1481.58,85035
1953,1979.07,1484,85035
1954,448.962,1483.96,85035
1955,579.666,1485.14,85035
1956,732.854,1484.93,85035
1957,461.594,1484.93,85035
1958,1097.25,1484.1,85035
1959,1178.25,1486.52,85035
1960,2132.13,1484.59,85035
1961,1813.17,1487.23,85035
1962,7.52184,1490.1,85035
1963,304.215,1487.55,85035
1964,403.116,1489.5,85035
1965,1405.84,1490.29,85035
1966,1436.67,1492.7,85035
1967,180.345,1494.66,85035
1968,986.092,1493.83,85035
1969,1951.64,1493.68,85035
1970,296.169,1495.02,85035
1971,332.439,1495.85,85035
1972,468.199,1495.4,85035
1973,1758.87,1497.99,85035
1974,943.268,1500.36,85035
1975,43.1034,1499.62,85035
1976,517.03,1500.82,85035
1977,796.331,1502.37,85035
1978,1129.99,1500.42,85035
1979,2104.39,1501,85035
1980,681.034,1501.34,85035
1981,1895.7,1503.7,85035
1982,712.682,1504.87,85035
1983,1246.78,1504.31,85035
1984,1469.54,1505.49,85035
1985,333.954,1506.05,85035
1986,2143.58,1504.5,85035
1987,1077.95,1507.83,85035
1988,2337.86,1507.06,85035
1989,704.885,1506.75,85035
1990,1804.93,1508.26,85035
1991,1407.6,1510.15,85035
1992,697.471,1512.01,85035
1993,1521.8,1514.6,85035
1994,389.72,1515.81,85035
1995,1325.75,1517.74,85035
1996,2015.49,1517.68,85035
1997,2182.18,1515.64,85035
1998,831.202,1519.88,85035
1999,770.46,1517.82,85035
2000,987.701,1519.06,85035
2001,1866.09,1519.54,85035
2002,2086.13,1519.91,85035
2003,1625.86,1518.97,85035
2004,160.92,1519.97,85035
2005,1646.05,1520.76,85035
2006,35.4299,1523.04,85035
2007,2343.39,1522.99,85035
2008,1366.84,1524.84,85035
2009,127.522,1525.05,85035
2010,72.8448,1526.37,85035
2011,1270.69,1527.52,85035
2012,1917.21,1526.72,85035
2013,596.437,1526.09,85035
2014,1153.05,1528.07,85035
2015,1705.08,1528.26,85035
2016,2209.73,1528.74,85035
2017,1545.5,1530.41,85035
2018,906.461,1534.08,85035
2019,646.484,1534.75,85035
2020,873.116,1536.01,85035
2021,2264.89,1534.76,85035
2022,148.357,1535.17,85035
2023,168.668,1536.44,85035
2024,1459.77,1534.48,85035
2025,977.377,1538.68,85035
2026,2340.57,1538.27,85035
2027,1113.26,1538.97,85035
2028,1201.15,1539.83,85035
2029,1598.03,1538.87,85035
2030,779.598,1540.09,85035
2031,472.545,1543.21,85035
2032,1416.72,1542.01,85035
2033,2115.74,1541.79,85035
2034,248.915,1546.17,85035
2035,1849.64,1546.23,85035
2036,367.114,1551.95,85035
2037,1928.16,1548.28,85035
2038,2050.88,1550.14,85035
2039,287.22,1551.37,85035
2040,736.782,1551.15,85035
2041,1541.62,1551.96,85035
2042,1827.23,1551.2,85035
2043,2139.89,1550.61,85035
2044,2351.07,1550.84,85035
2045,83.3816,1553.21,85035
2046,349.77,1551.61,85035
2047,558.199,1551.76,85035
2048,2276.03,1553.15,85035
2049,1566,1555.7,85035
2050,1673.52,1556.4,85035
2051,296.322,1556.9,85035
2052,1641.32,1557.69,85035
2053,1410.15,1559.16,85035
2054,442.964,1560.45,85035
2055,1222.56,1562.89,85035
2056,1522.54,1562.77,85035
2057,2198.28,1563.3,85035
2058,781.295,1565.73,85035
2059,1619.25,1563.51,85035
2060,1802.49,1566.01,85035
2061,2097.82,1564.02,85035
2062,1718.31,1567.51,85035
2063,1937.93,1565.52,85035
2064,724.814,1569.51,85035
2065,2236.36,1569.29,85035
2066,221.686,1571,85035
2067,1121.82,1571.75,85035
2068,1038.38,1574.11,85035
2069,1083.42,1573.03,85035
2070,2147.38,1574.94,85035
2071,25.6529,1573.77,85035
2072,448.254,1573.24,85035
2073,954.293,1574.98,85035
2074,1762.41,1574.52,85035
2075,2209.15,1574.26,85035
2076,1927.59,1576.56,85035
2077,1158.05,1577.59,85035
2078,1207.26,1575.86,85035
2079,1316.89,1576.16,85035
2080,1652.76,1575.52,85035
2081,167.561,1577.59,85035
2082,2058.51,1576.67,85035
2083,638.438,1579.55,85035
2084,670.345,1580.69,85035
2085,302.217,1580.38,85035
2086,825.287,1578.74,85035
2087,1885.47,1583.11,85035
2088,66.6023,1584.7,85035
2089,2016.01,1586.38,85035
2090,794.051,1587.56,85035
2091,894.253,1587.29,85035
2092,372.126,1589.89,85035
2093,563.689,1588.14,85035
2094,1837.57,1589.19,85035
2095,2084.48,1589.66,85035
2096,1340.92,1592.64,85035
2097,1372.37,1592.35,85035
2098,1711.69,1591.99,85035
2099,280.029,1593.53,85035
2100,1195.4,1592.39,85035
2101,324.023,1595.2,85035
2102,1632.88,1596.16,85035
2103,1284.79,1597.09,85035
2104,2285.63,1595.86,85035
2105,1492.29,1597.46,85035
2106,2164.32,1599.29,85035
2107,1216.95,1597.99,85035
2108,180.887,1602.55,85035
2109,220.82,1601.54,85035
2110,2099.13,1602.7,85035
2111,2322.78,1601.77,85035
2112,16.046,1604.51,85035
2113,1543.45,1604.61,85035
2114,589.08,1603.1,85035
2115,1433.28,1604.88,85035
2116,365.26,1606.76,85035
2117,886.015,1604.79,85035
2118,92.3724,1608.99,85035
2119,571.121,1608.05,85035
2120,968.241,1608.87,85035
2121,1366.28,1609.39,85035
2122,1509.24,1609.24,85035
2123,1570.2,1608.62,85035
2124,1683.53,1608.62,85035
2125,1786.04,1611.11,85035
2126,1961.84,1608.85,85035
2127,1316.7,1612.42,85035
2128,292.925,1612.66,85035
2129,432.031,1612.76,85035
2130,1479.05,1613.39,85035
2131,1123.87,1613.7,85035
2132,1092.16,1615.1,85035
2133,1061.43,1615.58,85035
2134,1183.91,1616.05,85035
2135,233.525,1616.28,85035
2136,1869.24,1617.94,85035
2137,2345.94,1619.43,85035
2138,1993.59,1621.22,85035
2139,2260.55,1621.92,85035
2140,103.075,1623.91,85035
2141,2058.82,1624.08,85035
2142,949.503,1625.18,85035
2143,1951.53,1623.13,85035
2144,835.129,1627.55,85035
2145,1573.37,1626.12,85035
2146,1043.24,1631.03,85035
2147,1100.25,1630.79,85035
2148,401.149,1632.56,85035
2149,671.018,1630.46,85035
2150,1413.18,1632.72,85035
2151,1245.88,1634.74,85035
2152,1633.17,1633.66,85035
2153,2141.06,1634.04,85035
2154,2000.17,1635.13,85035
2155,2287.77,1636.52,85035
2156,856.589,1638.53,85035
2157,1118.42,1637.54,85035
2158,645.895,1638.26,85035
2159,1785.54,1640.34,85035
2160,2205.5,1639.53,85035
2161,1598.76,1639.84,85035
2162,564.729,1642.7,85035
2163,610.83,1645.27,85035
2164,1021.34,1644.33,85035
2165,702.91,1645.92,85035
2166,1239.92,1643.55,85035
2167,1954.15,1645.5,85035
2168,953.038,1646.55,85035
2169,2298.06,1648.63,85035
2170,2.38046,1647.21,85035
2171,1303.9,1650.06,85035
2172,203.429,1652.06,85035
2173,500.125,1653.07,85035
2174,1826.18,1652.35,85035
2175,1906.32,1654.78,85035
2176,914.844,1656.9,85035
2177,1386.49,1656.12,85035
2178,1425.18,1656.47,85035
2179,532.97,1660.16,85035
2180,1553.87,1660.15,85035
2181,1062.17,1660.98,85035
2182,2041.63,1660.48,85035
2183,413.908,1662.28,85035
2184,1168.52,1661.37,85035
2185,448.408,1661.94,85035
2186,1720.41,1663.47,85035
2187,896.331,1664.65,85035
2188,43.6264,1664.73,85035
2189,267.19,1667.35,85035
2190,1138.47,1669.09,85035
2191,1424.78,1667.56,85035
2192,1543.87,1666.47,85035
2193,771.625,1671.01,85035
2194,911.207,1669.54,85035
2195,1187.88,1672.08,85035
2196,982.644,1671.49,85035
2197,47.2149,1674.09,85035
2198,102.191,1674.57,85035
2199,206.22,1674.75,85035
2200,1283.4,1674.45,85035
2201,1346.95,1673.43,85035
2202,1597.6,1673.82,85035
2203,1901.03,1672.07,85035
2204,2029.08,1673.3,85035
2205,671.543,1675.32,85035
2206,1822.8,1674.03,85035
2207,2230.13,1676.89,85035
2208,2305.17,1673.28,85035
2209,81.9379,1676.85,85035
2210,149.879,1676.56,85035
2211,1754.54,1676.32,85035
2212,1852.33,1678.19,85035
2213,2288.44,1676.95,85035
2214,2334.34,1677.78,85035
2215,746.552,1680.97,85035
2216,1313.58,1682.74,85035
2217,1631.8,1681.13,85035
2218,1679.01,1684.83,85035
2219,142.68,1685.03,85035
2220,163.474,1685.5,85035
2221,1645.59,1684.48,85035
2222,1021.17,1687.7,85035
2223,2217,1686.29,85035
2224,650.821,1688.79,85035
2225,295.307,1688.79,85035
2226,975.662,1692.64,85035
2227,20.2,1693.3,85035
2228,573.883,1693.98,85035
2229,1583.69,1694.79,85035
2230,1701.01,1693.46,85035
2231,368.72,1696.35,85035
2232,430.355,1695.56,85035
2233,469.732,1695.59,85035
2234,1528.39,1695.17,85035
2235,2145.62,1696.42,85035
2236,1387.22,1697.67,85035
2237,401.724,1700.3,85035
2238,1220.24,1701.15,85035
2239,1477.34,1702.04,85035
2240,1970.52,1701.15,85035
2241,1995.49,1701.3,85035
2242,246.467,1702.36,85035
2243,932.044,1703.09,85035
2244,1201.82,1700.96,85035
2245,1371.3,1703.66,85035
2246,1933.28,1702.82,85035
2247,856.39,1704.83,85035
2248,292.447,1706.08,85035
2249,876.667,1704.6,85035
2250,317.241,1706.32,85035
2251,1138.45,1707.63,85035
2252,2095.36,1711.3,85035
2253,2053.7,1714.92,85035
2254,316.399,1716.32,85035
2255,1275.2,1716.16,85035
2256,1063.04,1718.6,85035
2257,1882.01,1720.6,85035
2258,428.684,1721.06,85035
2259,904.598,1719.25,85035
2260,2174.03,1722.36,85035
2261,592.911,1722.61,85035
2262,699.17,1722.48,85035
2263,211.467,1724.66,85035
2264,1634.91,1726.08,85035
2265,1789.15,1725.46,85035
2266,1817.82,1727.01,85035
2267,1426.2,1727.64,85035
2268,1081.14,1727.22,85035
2269,1654.89,1727.3,85035
2270,2106.58,1729.48,85035
2271,120.622,1730.19,85035
2272,432.857,1731.12,85035
2273,788.149,1731.34,85035
2274,754.163,1732.88,85035
2275,2003.13,1732.33,85035
2276,1699.08,1732.86,85035
2277,30.4598,1733.18,85035
2278,1958.43,1735.22,85035
2279,1769.46,1734.48,85035
2280,2272.66,1736.6,85035
2281,989.606,1736.93,85035
2282,1232.72,1736.82,85035
2283,1582.38,1734.87,85035
2284,166.897,1740.46,85035
2285,1196.92,1740.7,85035
2286,1474.05,1741.31,85035
2287,1859.15,1741.42,85035
2288,2097.53,1742.47,85035
2289,1676.87,1743.82,85035
2290,512.033,1745.26,85035
2291,71.1172,1747.54,85035
2292,1332.22,1747.11,85035
2293,19.4908,1748.38,85035
2294,1355.75,1745.86,85035
2295,2045.57,1746.06,85035
2296,1522.49,1749.1,85035
2297,2020.84,1748.3,85035
2298,1492.79,1748.59,85035
2299,2167.15,1748.76,85035
2300,319.871,1751.6,85035
2301,485.423,1749.48,85035
2302,772.759,1748.16,85035
2303,2107.85,1751.15,85035
2304,1109.77,1751.44,85035
2305,2296.74,1755.87,85035
2306,1291.38,1752.87,85035
2307,396.943,1756.94,85035
2308,339.368,1758.29,85035
2309,485.772,1758.13,85035
2310,185.057,1758.95,85035
2311,825.391,1759.61,85035
2312,1054.64,1758.51,85035
2313,1904.74,1762.17,85035
2314,1503.2,1762.56,85035
2315,1853.6,1762.89,85035
2316,239.348,1763.87,85035
2317,2226.95,1763.79,85035
2318,1455.34,1764.04,85035
2319,1760.56,1763.86,85035
2320,682.376,1764.56,85035
