##,x,y,+/-,5,(from,image,shift,between,25*.tif,and,28*.tif)
##,z,+/-,130,(from,height,of,focused,parallelogram,in,26*.tif)
###############,BEGIN,./25_-45_50-90rot_86219_25.xyz
#,i,x,y,z
1,440.92,5.86207,86219
2,360.397,15.8828,86219
3,375.131,17.9724,86219
4,476.278,26.0207,86219
5,417.148,45.3655,86219
6,345.977,64.3678,86219
7,458.876,68.8057,86219
8,472.495,67.4598,86219
9,371.405,70.9069,86219
10,469.472,120.622,86219
11,401.783,122.384,86219
12,336.264,148.19,86219
13,431.769,148.403,86219
14,370.38,149.646,86219
15,466.531,160.176,86219
16,414.331,177.771,86219
17,456.13,184.592,86219
18,347.524,202.83,86219
19,348.254,215.007,86219
20,382.343,218.609,86219
21,408.509,226.678,86219
22,423.169,243.234,86219
23,404.08,275.69,86219
24,375.906,281.034,86219
25,359.755,293.944,86219
26,422.785,296.422,86219
27,433.124,313.428,86219
28,310.632,315.517,86219
29,427.778,321.839,86219
30,345.238,338.615,86219
31,320.115,353.678,86219
32,307.931,362.299,86219
33,377.234,376.085,86219
34,426.236,382.069,86219
35,322.537,395.608,86219
36,385.632,414.331,86219
37,318.145,413.383,86219
38,374.828,413.908,86219
39,425.698,420.197,86219
40,348.015,431.139,86219
41,371.778,434.21,86219
42,434.401,439.326,86219
43,336.284,442.797,86219
44,397.731,447.762,86219
45,294.125,468.806,86219
46,351.149,484.299,86219
47,391.97,495.254,86219
48,369.51,516.031,86219
49,320.833,518.857,86219
50,303.506,522.126,86219
51,392.816,519.54,86219
52,361.494,552.997,86219
53,289.368,555.091,86219
54,329.422,555.302,86219
55,410.057,568.355,86219
56,379.94,568.117,86219
57,365.892,587.131,86219
58,295.8,590.761,86219
59,401.68,611.538,86219
60,367.323,617.98,86219
61,287.752,632.005,86219
62,379.467,645.037,86219
63,323.718,649.814,86219
64,261.001,667.241,86219
65,287.069,674.138,86219
66,334.899,677.863,86219
67,378.848,686.698,86219
68,283.589,688.314,86219
69,267.11,718.309,86219
70,347.951,724.363,86219
71,329.721,740.311,86219
72,391.853,740.94,86219
73,303.161,742.241,86219
74,315.308,753.918,86219
75,337.461,759.405,86219
76,394.54,767.96,86219
77,263.455,773.191,86219
78,316.261,786.849,86219
79,347.414,793.211,86219
80,321.009,802.363,86219
81,369.146,814.893,86219
82,299.195,814.368,86219
83,311.425,819.655,86219
84,265.977,829.08,86219
85,330.652,827.586,86219
86,337.002,837.002,86219
87,286.399,862.797,86219
88,352.06,862.836,86219
89,283.908,871.903,86219
90,367.616,895.175,86219
91,237.586,895.747,86219
92,279.502,914.675,86219
93,320.69,928.484,86219
94,280.998,940.175,86219
95,352.069,942.261,86219
96,301.615,968.609,86219
97,310.624,990.92,86219
98,352.874,987.931,86219
99,362.548,1003.83,86219
100,277.586,1005.87,86219
101,341.886,1006.49,86219
102,295.878,1012.23,86219
103,241.954,1013.34,86219
104,215.374,1018.1,86219
105,233.282,1034.01,86219
106,321.264,1050.81,86219
107,342.459,1057.18,86219
108,256.647,1062.89,86219
109,235.994,1071.58,86219
110,279.847,1082.3,86219
111,206.178,1084.77,86219
112,297.241,1086.67,86219
113,236.005,1090.3,86219
114,219.07,1094.93,86219
115,301.182,1095.79,86219
116,218.516,1118.47,86219
117,336.006,1155.32,86219
118,216.47,1173.68,86219
119,255.274,1184.58,86219
120,273.563,1195.43,86219
121,235.824,1206.32,86219
122,214.521,1219.5,86219
123,245.221,1226.29,86219
124,313.702,1227.19,86219
125,278.418,1239.62,86219
126,331.226,1241.44,86219
127,308.736,1247.16,86219
128,224.521,1249.46,86219
129,204.713,1272.49,86219
130,275.11,1275.38,86219
131,241.954,1283.22,86219
132,323.14,1297.01,86219
133,232.279,1331.1,86219
134,301.515,1337.67,86219
135,253.026,1354.21,86219
136,306.503,1355.05,86219
137,186.453,1355.58,86219
138,170.813,1362.93,86219
139,227.37,1368.32,86219
140,207.536,1380.84,86219
141,263.383,1386.25,86219
142,307.123,1389.05,86219
143,213.126,1391.89,86219
144,270.243,1402.23,86219
145,200.84,1409.5,86219
146,297.606,1414.94,86219
147,209.893,1419.42,86219
148,244.96,1425.69,86219
149,290.467,1439.39,86219
150,277.203,1450.23,86219
151,281.29,1465.71,86219
152,224.182,1479.62,86219
153,238.183,1486.75,86219
154,257.828,1486.01,86219
155,259.885,1513.99,86219
156,186.207,1528.16,86219
157,164.833,1537.19,86219
158,258.702,1537.72,86219
159,162.68,1556.71,86219
160,201.299,1557.5,86219
161,285.517,1576.32,86219
162,155.963,1576.65,86219
163,212.356,1596.84,86219
164,247.606,1602.04,86219
165,183.41,1624.87,86219
166,262.252,1646.66,86219
167,239.744,1647.14,86219
168,185.423,1660.87,86219
169,203.64,1674.9,86219
170,189.511,1680.03,86219
171,261.494,1696.36,86219
172,242.593,1704.92,86219
173,215.175,1713.51,86219
174,182.211,1713.78,86219
175,133.994,1728.13,86219
176,157.955,1733.33,86219
177,257.58,1740.49,86219
178,242.495,1752.16,86219
###############,END,./25_-45_50-90rot_86219_25.xyz
###############,BEGIN,./28_-45_50-90rot_86155_28.xyz
#,i,x,y,z
1,355.101,12.7149,86155
2,369.978,14.477,86155
3,469.397,21.9828,86155
4,320.594,42.7207,86155
5,412.43,42.1839,86155
6,453.736,65.0575,86155
7,366.716,67.2414,86155
8,316.248,97.231,86155
9,397.245,118.73,86155
10,331.392,144.563,86155
11,365.738,145.711,86155
12,427.011,144.828,86155
13,409.532,173.979,86155
14,292.529,175.601,86155
15,342.503,199.725,86155
16,302.368,207.839,86155
17,343.341,211.316,86155
18,377.586,215.036,86155
19,306.897,215.589,86155
20,404.023,222.653,86155
21,418.375,239.064,86155
22,278.161,255.492,86155
23,399.598,272.586,86155
24,370.376,277.586,86155
25,290.5,279.479,86155
26,355.079,290.176,86155
27,416.13,292.836,86155
28,294.784,294.871,86155
29,266.18,311.892,86155
30,305.486,312.034,86155
31,339.943,334.828,86155
32,315.409,350.179,86155
33,288.889,350.192,86155
34,303.001,358.813,86155
35,372.371,372.12,86155
36,263.506,383.764,86155
37,317.595,392.131,86155
38,380.926,410.129,86155
39,313.218,409.483,86155
40,369.668,410.28,86155
41,343.159,426.629,86155
42,366.859,430.351,86155
43,269.951,434.564,86155
44,331.532,438.813,86155
45,289.534,464.913,86155
46,240.805,464.368,86155
47,346.169,480.652,86155
48,245.862,488.713,86155
49,270.821,507.898,86155
50,364.61,511.948,86155
51,233.218,514.092,86155
52,315.661,515.446,86155
53,298.563,518.103,86155
54,356.764,549.425,86155
55,284.562,551.387,86155
56,324.341,551.779,86155
57,220.943,553.31,86155
58,359.885,582.989,86155
59,290.937,587.489,86155
60,225.698,614.697,86155
61,231.545,629.343,86155
62,283.01,628.7,86155
63,319.138,646.034,86155
64,254.414,662.966,86155
65,201.56,667.898,86155
66,282.454,670.148,86155
67,330.46,674.061,86155
68,194.253,687.739,86155
69,278.225,684.738,86155
70,262.484,714.591,86155
71,325.508,736.148,86155
72,186.782,736.759,86155
73,298.468,738.314,86155
74,231.741,743.236,86155
75,223.776,748.851,86155
76,310.522,750.266,86155
77,230.92,750.23,86155
78,180.652,757.599,86155
79,258.469,769.783,86155
80,311.576,783.662,86155
81,197.172,790.69,86155
82,188.698,797.766,86155
83,315.374,798.994,86155
84,221.724,802.644,86155
85,186.508,806.213,86155
86,294.007,810.92,86155
87,306.757,815.993,86155
88,231.167,824.006,86155
89,261.413,825.533,86155
90,168.479,832.582,86155
91,281.992,858.621,86155
92,279.378,868.189,86155
93,184.713,892.069,86155
94,197.701,893.469,86155
95,208.566,897.729,86155
96,274.905,911.226,86155
97,217.351,920.332,86155
98,145.402,935.44,86155
99,276.855,935.789,86155
100,151.372,963.274,86155
101,203.762,965.569,86155
102,187.002,982.361,86155
103,206.41,989.523,86155
104,152.399,998.925,86155
105,273.347,1002.3,86155
106,237.602,1009.36,86155
107,211.302,1015.01,86155
108,228.661,1030.96,86155
109,204.533,1032.44,86155
110,134.271,1037.9,86155
111,171.578,1053.81,86155
112,252.443,1059.39,86155
113,231.686,1068.2,86155
114,199.748,1080.39,86155
115,231.737,1086.85,86155
116,215.308,1091.07,86155
117,213.766,1115.19,86155
118,158.429,1139.98,86155
119,114.426,1157.6,86155
120,211.826,1169.87,86155
121,129.154,1196.71,86155
122,231.839,1202.18,86155
123,156.651,1210.2,86155
124,210.436,1216.24,86155
125,108.252,1235.14,86155
126,219.805,1246.18,86155
127,128.736,1254.02,86155
128,171.105,1258.75,86155
129,83.8126,1268.93,86155
130,200.767,1269.5,86155
131,150.968,1272.75,86155
132,161.315,1306.43,86155
133,123.59,1328.21,86155
134,74.8011,1353.76,86155
135,181.801,1352.68,86155
136,165.974,1359.02,86155
137,203.678,1377.18,86155
138,133.282,1388.87,86155
139,93.2954,1401.6,86155
140,196.731,1406.14,86155
141,139.916,1406.64,86155
142,128.038,1423.56,86155
143,148.653,1430.38,86155
144,101.816,1435.29,86155
145,111.233,1443.21,86155
146,145.259,1454.89,86155
147,69.9655,1457.66,86155
148,82.9793,1474.23,86155
149,140.716,1476.04,86155
150,41.1402,1495.4,86155
151,48.5092,1518.25,86155
152,95.9356,1534.77,86155
153,160.69,1534.08,86155
154,74.631,1535.76,86155
155,158.714,1553.3,86155
156,102.755,1561.34,86155
157,111.667,1561.84,86155
158,68.2701,1569.36,86155
159,116.49,1571.31,86155
160,151.623,1574.07,86155
161,56.9851,1595.89,86155
162,115.805,1618.05,86155
163,37.9805,1633.02,86155
164,93.3494,1636.6,86155
165,25.0414,1635.06,86155
166,96.1471,1649.15,86155
167,39.3678,1670.04,86155
168,33.2816,1687.83,86155
169,82.6897,1689.13,86155
170,58.8621,1710.66,86155
171,130.077,1724.71,86155
172,92.6172,1736.91,86155
173,66.8414,1739.26,86155
###############,END,./28_-45_50-90rot_86155_28.xyz
###############,BEGIN,./27_-45_50-90rot_88091_27.xyz
#,i,x,y,z
1,2246.93,8.33333,88091
2,2106.19,11.1747,88091
3,2160.63,19.7322,88091
4,2126.12,22.6264,88091
5,2223.56,30.5644,88091
6,2175.9,44.3345,88091
7,2103.22,49.6172,88091
8,2160.73,51.6092,88091
9,2224.19,52.0897,88091
10,2212.22,64.4057,88091
11,2175.39,73.6149,88091
12,2211.93,80.1897,88091
13,2120.97,88.1609,88091
14,2210.04,103.279,88091
15,2155.7,120.091,88091
16,2109.04,120.962,88091
17,2203.16,128.592,88091
18,2166.4,143.333,88091
19,2193.95,144.215,88091
20,2103.01,185.211,88091
21,2116.99,185.185,88091
22,2199.18,186.782,88091
23,2134.66,195.077,88091
24,2171.32,205.774,88091
25,2142.06,216.81,88091
26,2107.51,221.839,88091
27,2205.57,234.508,88091
28,2139.91,239.91,88091
29,2152.07,243.563,88091
30,2083.53,256.629,88091
31,2164.25,257.816,88091
32,2117.73,262.303,88091
33,2127.39,281.417,88091
34,2149.58,283.647,88091
35,2058.39,296.782,88091
36,2183.49,304.959,88091
37,2146.03,315.726,88091
38,2071.26,326.629,88091
39,2062.84,330.843,88091
40,2046.67,337.126,88091
41,2164.94,335.92,88091
42,2170.63,339.145,88091
43,2053.16,348.046,88091
44,2068.39,350.862,88091
45,2114.07,366.833,88091
46,2086.73,370.115,88091
47,2040.7,372.257,88091
48,2156.15,387.931,88091
49,2131.86,395.474,88091
50,2087.55,409.962,88091
51,2124.08,417.989,88091
52,2053.42,422.444,88091
53,2171.97,424.457,88091
54,2110.34,426.207,88091
55,2025.17,427.471,88091
56,2152.59,432.493,88091
57,2070.8,439.023,88091
58,2101.39,439.58,88091
59,2163.97,465.185,88091
60,2072.99,481.034,88091
61,2030.88,484.903,88091
62,2083.8,504.61,88091
63,2011.55,510.048,88091
64,2130.14,516.575,88091
65,2099.29,526.923,88091
66,2077.66,534.554,88091
67,2100,541.782,88091
68,2118.12,543.64,88091
69,2007.33,555.051,88091
70,2028.51,564.368,88091
71,2050.91,584.011,88091
72,2017.31,606.322,88091
73,2111.74,603.038,88091
74,2083.1,628.338,88091
75,2114.28,632.451,88091
76,2026.79,634.724,88091
77,2013.68,671.977,88091
78,2075.19,673.276,88091
79,1983.3,676.775,88091
80,2026.23,677.647,88091
81,2122.6,680.671,88091
82,2057.77,682.69,88091
83,2084.07,683.287,88091
84,2069.95,699.631,88091
85,2118.97,702.682,88091
86,2019.48,716.552,88091
87,2071.38,731.379,88091
88,2104.19,738.506,88091
89,2018.41,743.66,88091
90,2031.67,756.839,88091
91,2107.85,755.824,88091
92,2050.36,756.68,88091
93,2056.95,771.525,88091
94,2072.69,786.632,88091
95,2021.75,806.587,88091
96,2030.46,818.468,88091
97,1977.92,821.113,88091
98,2091.35,830.19,88091
99,2035.44,839.491,88091
100,1991.38,867.739,88091
101,1947.07,875.392,88091
102,2006.24,878.736,88091
103,2029.65,881.247,88091
104,1938.18,883.826,88091
105,2073.68,890.866,88091
106,2016.54,895.21,88091
107,1978.74,895.554,88091
108,1963.1,912.682,88091
109,1994.6,916.954,88091
110,2049.54,921.839,88091
111,2040.8,931.201,88091
112,2014.19,933.549,88091
113,2058.91,932.328,88091
114,1972.21,936.951,88091
115,1938.04,944.305,88091
116,1925.97,967.613,88091
117,2044.6,974.438,88091
118,2006.32,979.885,88091
119,2054.48,987.099,88091
120,2012.07,989.31,88091
121,1989.86,997.08,88091
122,2058.54,1011.41,88091
123,2022,1014.37,88091
124,1954.98,1025.01,88091
125,2003.11,1039.72,88091
126,1924.39,1042.72,88091
127,2034.37,1064.67,88091
128,1969.44,1065.78,88091
129,2008.17,1071.01,88091
130,1928.16,1079.62,88091
131,2000.04,1090.89,88091
132,2000.96,1098.66,88091
133,2038.51,1114.05,88091
134,2008.08,1126.81,88091
135,2009.9,1134.99,88091
136,1923.24,1149.97,88091
137,2030.83,1150.69,88091
138,1960.43,1151.66,88091
139,1923.62,1187.53,88091
140,2018.26,1198.72,88091
141,1880.64,1218.39,88091
142,1953.12,1228.23,88091
143,1921.45,1229.43,88091
144,1988.88,1235.1,88091
145,1963.87,1247.63,88091
146,1907.6,1244.64,88091
147,1885.3,1252.3,88091
148,1892.06,1263.75,88091
149,1990.85,1270.16,88091
150,2002.76,1271.84,88091
151,1997.84,1281.13,88091
152,1903.41,1282.52,88091
153,1861.16,1286.51,88091
154,1871.98,1315.09,88091
155,1999.43,1316.79,88091
156,1944.07,1319.79,88091
157,1890.53,1370.39,88091
158,1945.4,1375.84,88091
159,1915.55,1378.63,88091
160,1959.58,1384.19,88091
161,1840.48,1389.24,88091
162,1869.7,1400.18,88091
163,1921.84,1408.62,88091
164,1835.82,1421.95,88091
165,1838.22,1435.3,88091
166,1968.59,1441.12,88091
167,1861.73,1447.67,88091
168,1907.7,1454.71,88091
169,1935.99,1460.28,88091
170,1854.84,1479.61,88091
171,1885.97,1482.96,88091
172,1951.15,1481.03,88091
173,1965.23,1490.73,88091
174,1906.72,1503.33,88091
175,1838.33,1517.37,88091
176,1935.85,1522.86,88091
177,1900.07,1525.01,88091
178,1859.59,1533.16,88091
179,1851.85,1553.77,88091
180,1950.21,1568.39,88091
181,1857.67,1576.03,88091
182,1915.8,1576.69,88091
183,1881.16,1584.16,88091
184,1827.18,1590.72,88091
185,1805.12,1604.22,88091
186,1889.08,1612.22,88091
187,1836.21,1612.89,88091
188,1805.01,1632.76,88091
189,1925.57,1649.71,88091
190,1868.12,1654.65,88091
191,1828.04,1670.61,88091
192,1896.44,1674.25,88091
193,1840.92,1676.09,88091
194,1915.31,1680.22,88091
195,1842.72,1724.16,88091
196,1822.09,1735.34,88091
197,1857.83,1750.71,88091
198,1909.52,1754.84,88091
###############,END,./27_-45_50-90rot_88091_27.xyz
###############,BEGIN,./26_-45_50-90rot_87131_26.xyz
#,i,x,y,z
1,1282.84,7.96437,87131
2,1370.38,19.9621,87131
3,1250.21,39.2724,87131
4,1314.18,38.8253,87131
5,1337.08,41.3195,87131
6,1284,74.731,87131
7,1249.91,78.092,87131
8,1348.25,91.954,87131
9,1316.7,93.5874,87131
10,1271.72,107.989,87131
11,1260.77,125.533,87131
12,1303.12,136.579,87131
13,1231.06,155.066,87131
14,1210.98,160.284,87131
15,1224.33,167.049,87131
16,1258.43,187.931,87131
17,1242.57,192.794,87131
18,1311.7,196.026,87131
19,1344.31,204.31,87131
20,1258.79,210.671,87131
21,1291.69,245.534,87131
22,1216.75,253.017,87131
23,1325.69,265.12,87131
24,1221.18,271.429,87131
25,1332.4,277.23,87131
26,1314.77,280.629,87131
27,1263.76,293.57,87131
28,1297.94,328.236,87131
29,1276,335.414,87131
30,1301.13,338.018,87131
31,1180.71,340.437,87131
32,1222.03,350.662,87131
33,1173.13,355.316,87131
34,1245.2,359.037,87131
35,1279.25,364.623,87131
36,1198.99,381.102,87131
37,1239.23,400.882,87131
38,1309.85,404.516,87131
39,1161.88,414.445,87131
40,1226.71,424.372,87131
41,1286.01,427.394,87131
42,1206.9,428.506,87131
43,1242.88,463.13,87131
44,1186.67,465.499,87131
45,1228.53,464.786,87131
46,1166.77,467.887,87131
47,1284.01,496.016,87131
48,1262.09,504.949,87131
49,1205.08,510.782,87131
50,1183.91,513.741,87131
51,1224.43,515.517,87131
52,1139.57,528.9,87131
53,1254.39,534.564,87131
54,1170.34,538.851,87131
55,1162.12,548.167,87131
56,1239.15,559.98,87131
57,1277.73,559.161,87131
58,1218.34,591.491,87131
59,1131.19,592.606,87131
60,1156.56,599.357,87131
61,1230.27,605.544,87131
62,1148.36,616.557,87131
63,1154.67,628.025,87131
64,1178.28,644.483,87131
65,1149.83,650.632,87131
66,1123.78,655.963,87131
67,1216.71,658.898,87131
68,1202.35,664.498,87131
69,1164.77,688.492,87131
70,1226.98,694.997,87131
71,1150.82,706.978,87131
72,1114.31,727.254,87131
73,1221.35,729.052,87131
74,1132.44,738.218,87131
75,1155.43,745.351,87131
76,1230.59,758.174,87131
77,1109.56,760.763,87131
78,1099.17,776.066,87131
79,1190.26,778.039,87131
80,1165.76,784.538,87131
81,1199.17,790.485,87131
82,1126.69,804.087,87131
83,1167.69,806.775,87131
84,1223.89,807.8,87131
85,1131.18,843.462,87131
86,1224.14,845.977,87131
87,1090.72,848.605,87131
88,1190.44,853.36,87131
89,1149.18,855.666,87131
90,1073.74,873.736,87131
91,1135.21,892.862,87131
92,1156.12,896.716,87131
93,1069.6,906.832,87131
94,1103.79,910.92,87131
95,1117.7,912.614,87131
96,1098.72,914.456,87131
97,1089,916.744,87131
98,1137.62,916.578,87131
99,1189.37,939.154,87131
100,1166.82,939.969,87131
101,1058.76,960.237,87131
102,1170.51,970.932,87131
103,1082.76,973.09,87131
104,1141.76,986.015,87131
105,1081.74,991.528,87131
106,1150.26,1022.36,87131
107,1125.9,1048.6,87131
108,1109.06,1049.64,87131
109,1149.49,1062.7,87131
110,1081.33,1061.11,87131
111,1171.24,1064.4,87131
112,1036.21,1076.58,87131
113,1068.23,1089.74,87131
114,1050.14,1096.84,87131
115,1062.74,1110.27,87131
116,1130.14,1111.49,87131
117,1096.31,1120.77,87131
118,1156.32,1132.64,87131
119,1022.07,1152.8,87131
120,1080.41,1171.74,87131
121,1091.77,1175.65,87131
122,1124.07,1181.34,87131
123,1149.18,1192.01,87131
124,1069.95,1207.34,87131
125,1032.61,1209.39,87131
126,1121.84,1233.29,87131
127,1073.19,1235.67,87131
128,1018.14,1242.91,87131
129,1043.62,1243.9,87131
130,1118.47,1261.99,87131
131,1037.56,1276.95,87131
132,999.376,1283.78,87131
133,1090.52,1298.6,87131
134,1028.64,1314.27,87131
135,1103.13,1325.11,87131
136,1121.92,1329.34,87131
137,1016.72,1342.78,87131
138,984.328,1365.22,87131
139,1080.55,1372.73,87131
140,1035.57,1381.84,87131
141,1110.19,1393.54,87131
142,1081.61,1393.1,87131
143,1013.95,1407.85,87131
144,1065.6,1420.9,87131
145,1099.43,1425.21,87131
146,974.479,1429.31,87131
147,999.298,1437.87,87131
148,1039.56,1445.83,87131
149,1015.52,1464.19,87131
150,1095.15,1470.97,87131
151,1093.68,1483.63,87131
152,958.046,1487.04,87131
153,1053.45,1496.16,87131
154,1086.57,1504.39,87131
155,970.033,1525.86,87131
156,956.322,1525.86,87131
157,1011.19,1529.44,87131
158,987.095,1559.68,87131
159,1081.28,1561.7,87131
160,964.675,1562.87,87131
161,1019.13,1567.24,87131
162,1050.42,1572.26,87131
163,950,1570.11,87131
164,973.371,1579.12,87131
165,1012.76,1592.07,87131
166,957.751,1601.49,87131
167,1066.65,1606.84,87131
168,991.798,1610.29,87131
169,1064.54,1635.43,87131
170,956.667,1637.93,87131
171,931.839,1647.13,87131
172,1015.22,1662.75,87131
173,1039.9,1672.69,87131
174,929.353,1680.61,87131
175,986.038,1686,87131
176,953.103,1685.86,87131
177,963.793,1687.79,87131
178,1001.01,1693.13,87131
179,918.478,1702.14,87131
180,953.64,1729.79,87131
181,1048.06,1729.73,87131
182,998.851,1732.66,87131
183,916.539,1742.34,87131
184,981.999,1744.33,87131
###############,END,./26_-45_50-90rot_87131_26.xyz
## x,y +/- 15 (from image shift between 22*.tif and 23*.tif)
## z +/- 130 (from height of focused parallelogram in 21*mt30.tif)
############### BEGIN ./21_-45_50-90rot_86267_21.xyz
# i x y z
1,472.57,14.054,86267
2,444.109,42.4931,86267
3,480.652,50.4253,86267
4,400.575,50.8621,86267
5,374.669,58.8414,86267
6,454.023,62.8736,86267
7,473.47,66.5,86267
8,394.876,66.5713,86267
9,476.357,75.0494,86267
10,401.824,88.531,86267
11,426.2,96.3149,86267
12,346.552,114.08,86267
13,395.895,115.353,86267
14,407.8,117.049,86267
15,449.856,129.669,86267
16,416.284,132.12,86267
17,462.944,133.859,86267
18,345.172,155.92,86267
19,453.023,167.923,86267
20,362.001,175.895,86267
21,480.747,179.31,86267
22,412.662,204.801,86267
23,389.38,208.246,86267
24,462.323,213.164,86267
25,338.924,219.436,86267
26,348.243,236.005,86267
27,383.716,243.551,86267
28,430.166,246.64,86267
29,411.143,264.461,86267
30,324.138,284.291,86267
31,439.71,287.22,86267
32,392.398,295.716,86267
33,341.954,305.172,86267
34,455.316,307.184,86267
35,338.052,323.17,86267
36,330.389,347.557,86267
37,403.384,352.331,86267
38,304.693,351.963,86267
39,360.345,363.864,86267
40,299.959,374.836,86267
41,429.31,377.011,86267
42,361.216,410.92,86267
43,395.191,409.831,86267
44,308.377,421.578,86267
45,317.323,429.529,86267
46,412.18,431.757,86267
47,284.31,438.046,86267
48,349.639,447.241,86267
49,412.184,447.586,86267
50,292.146,452.874,86267
51,318.845,472.989,86267
52,281.753,482.723,86267
53,309.441,486.782,86267
54,338.468,503.486,86267
55,378.309,504.417,86267
56,370.402,512.356,86267
57,307.029,521.441,86267
58,344.125,521.52,86267
59,280.541,526.289,86267
60,379.63,527.651,86267
61,309.578,537.739,86267
62,291.762,543.7,86267
63,275.517,542.414,86267
64,364.476,549.641,86267
65,373.968,565.325,86267
66,359.822,571.108,86267
67,343.614,580.652,86267
68,266.046,584.805,86267
69,391.693,584.169,86267
70,387.931,594.532,86267
71,326.311,596.326,86267
72,298.894,604.377,86267
73,317.487,625.041,86267
74,309.091,627.377,86267
75,318.492,640.872,86267
76,355.801,643.932,86267
77,281.78,645.557,86267
78,271.408,652.155,86267
79,380.46,661.877,86267
80,368.095,695.222,86267
81,236.672,708.528,86267
82,317.639,709.416,86267
83,278.046,712.146,86267
84,334.518,714.26,86267
85,275.862,725.287,86267
86,295.907,733.385,86267
87,335.468,734.934,86267
88,348.769,735.632,86267
89,262.414,739.195,86267
90,306.147,770.829,86267
91,362.644,780.575,86267
92,213.123,792.146,86267
93,302.374,791.529,86267
94,233.333,793.295,86267
95,284.111,797.275,86267
96,302.122,820.601,86267
97,354.389,821.578,86267
98,264.943,825.394,86267
99,330.805,836.897,86267
100,244.13,841.256,86267
101,217.783,847.241,86267
102,272.989,856.322,86267
103,280.92,867.644,86267
104,294.253,874.713,86267
105,274.33,880.652,86267
106,220.395,907.134,86267
107,305.063,915.736,86267
108,264.26,919.289,86267
109,292.2,929.31,86267
110,312.821,937.224,86267
111,223.384,944.684,86267
112,290.595,946.813,86267
113,326.245,952.044,86267
114,243.73,957.157,86267
115,286.005,983.768,86267
116,203.12,996.387,86267
117,220.955,1012.2,86267
118,307.571,1015.67,86267
119,195.722,1019.8,86267
120,281.818,1033.18,86267
121,273.356,1035.47,86267
122,252.792,1051.31,86267
123,162.779,1051.76,86267
124,303.928,1058.88,86267
125,176.272,1068.8,86267
126,208.506,1080.4,86267
127,187.893,1086.28,86267
128,285.721,1086.25,86267
129,276.083,1100.66,86267
130,203.197,1108.91,86267
131,159.483,1113.31,86267
132,231.576,1123.79,86267
133,150.575,1132.18,86267
134,274.576,1134.65,86267
135,256.789,1149.93,86267
136,192.644,1166.32,86267
137,161.686,1170.5,86267
138,141.637,1178.26,86267
139,236.022,1183.56,86267
140,198.799,1195,86267
141,207.29,1196.7,86267
142,255.92,1226.32,86267
143,224.086,1235.63,86267
144,256.145,1251.06,86267
145,141.541,1261.67,86267
146,196.221,1271.35,86267
147,247.6,1271.13,86267
148,171.552,1274.43,86267
149,229.136,1308.62,86267
150,184.956,1324.24,86267
151,111.478,1330.33,86267
152,238.401,1341.54,86267
153,223.298,1358.99,86267
154,140.148,1367.93,86267
155,155.189,1377.23,86267
156,226.366,1379.45,86267
157,196.674,1392.29,86267
158,182.703,1400.2,86267
159,194.171,1404.19,86267
160,92.5287,1415.13,86267
161,236.552,1423.1,86267
162,207.353,1436.53,86267
163,152.536,1442.83,86267
164,167.701,1441.72,86267
165,186.859,1454.52,86267
166,101.379,1473.05,86267
167,78.4218,1477.69,86267
168,128.161,1498.9,86267
169,173.583,1507.67,86267
170,110,1509.62,86267
171,103.367,1512.62,86267
172,151.456,1516.05,86267
173,200.513,1547.14,86267
174,158.753,1548.67,86267
175,147.11,1570.6,86267
176,59.5241,1573.32,86267
177,139.463,1584.67,86267
178,100.707,1593.77,86267
179,184.052,1601.29,86267
180,117.672,1601.94,86267
181,150,1603.1,86267
182,173.968,1610.58,86267
183,141.523,1612.71,86267
184,117.816,1632.5,86267
185,75.2874,1648.36,86267
186,46.9908,1655.78,86267
187,129.415,1656.48,86267
188,51.1494,1666.67,86267
189,100.862,1675.22,86267
190,147.241,1676.6,86267
191,178.046,1694.14,86267
192,157.54,1706.64,86267
193,95.0195,1711.09,86267
194,68.9885,1722.23,86267
195,37.4575,1736.24,86267
196,85.4023,1738.74,86267
197,132.838,1746.67,86267
198,171.298,1752.91,86267
###############,END,./21_-45_50-90rot_86267_21.xyz
###############,BEGIN,./22_-45_50-90rot_87131_22.xyz
#,i,x,y,z
1,1326.7,15.1517,87131
2,1303.97,16.1736,87131
3,1344.76,18.7103,87131
4,1249.43,35.2874,87131
5,1286.21,47.1264,87131
6,1299.62,49.6931,87131
7,1267.07,61.8966,87131
8,1239.17,72.0483,87131
9,1220.11,80.4598,87131
10,1314.31,108.284,87131
11,1215.32,109.146,87131
12,1287.09,124.866,87131
13,1305.87,127.586,87131
14,1242.21,141.128,87131
15,1301.13,156.275,87131
16,1197.29,156.801,87131
17,1207.27,167.939,87131
18,1175.57,177.586,87131
19,1308.13,194.474,87131
20,1234.71,205.287,87131
21,1298.31,207.543,87131
22,1282.88,208.662,87131
23,1249.46,221.738,87131
24,1220.65,223.026,87131
25,1240.34,227.701,87131
26,1294.25,234.483,87131
27,1262.77,239.315,87131
28,1287.07,238.937,87131
29,1222.66,259.497,87131
30,1184.23,257.953,87131
31,1201.28,267.684,87131
32,1158.47,287.483,87131
33,1179.55,307.656,87131
34,1237.93,316.954,87131
35,1277.43,319.425,87131
36,1287.36,318.391,87131
37,1194.83,326.724,87131
38,1272.08,335.216,87131
39,1183.33,345.325,87131
40,1186.56,369.923,87131
41,1159.28,371.429,87131
42,1276.1,380.182,87131
43,1128.74,389.08,87131
44,1243.05,393.928,87131
45,1132.26,404.302,87131
46,1221.77,424.533,87131
47,1258.36,424.806,87131
48,1153.92,436.951,87131
49,1189.6,439.943,87131
50,1176.9,442.816,87131
51,1132.36,458.837,87131
52,1233.09,465.729,87131
53,1151.63,476.676,87131
54,1215.71,478.544,87131
55,1208.05,495.69,87131
56,1135.92,498.621,87131
57,1150.92,507.011,87131
58,1250.97,516.844,87131
59,1214.94,517.745,87131
60,1156.9,518.391,87131
61,1200.48,531.761,87131
62,1224.48,546.839,87131
63,1128.68,555.079,87131
64,1205.29,579.159,87131
65,1234.8,586.526,87131
66,1087.67,605.172,87131
67,1154.31,604.526,87131
68,1134.55,608.764,87131
69,1183.68,609.021,87131
70,1099.34,609.416,87131
71,1103.99,631.016,87131
72,1207.52,651.963,87131
73,1145.52,654.511,87131
74,1098.57,664.943,87131
75,1198.96,676.984,87131
76,1096.94,693.86,87131
77,1116.21,692.759,87131
78,1087.68,704.723,87131
79,1119.78,720.42,87131
80,1141.4,725.402,87131
81,1144.81,756.995,87131
82,1090.9,766.76,87131
83,1198.42,770.474,87131
84,1108.56,787.586,87131
85,1170.74,789.58,87131
86,1153.63,808.355,87131
87,1044.25,820.402,87131
88,1186.87,826.393,87131
89,1064.94,832.214,87131
90,1103.53,831.28,87131
91,1121.42,846.36,87131
92,1074.65,846.744,87131
93,1094.66,856.556,87131
94,1048.68,866.517,87131
95,1182.32,865.822,87131
96,1053.49,890.115,87131
97,1117.74,894.431,87131
98,1101.47,896.147,87131
99,1159.84,903.609,87131
100,1039,910.099,87131
101,1025.86,921.647,87131
102,1041.76,929.118,87131
103,1119.6,931.482,87131
104,1085.03,939.716,87131
105,1100.69,949.943,87131
106,1074.71,968.247,87131
107,1052.47,980.19,87131
108,1153.09,980.064,87131
109,1015.27,985.832,87131
110,1080.24,1005.5,87131
111,1034.95,1009.77,87131
112,1138.71,1013.68,87131
113,1030.11,1015.86,87131
114,1097.92,1029.17,87131
115,1001.88,1049.16,87131
116,1115.6,1058.9,87131
117,1127.11,1074.71,87131
118,1005.73,1093.02,87131
119,1029.63,1096.65,87131
120,1077.28,1101.72,87131
121,1130.65,1099.23,87131
122,1046.5,1121.56,87131
123,1111.11,1121.07,87131
124,1124.3,1128.37,87131
125,1076.44,1138.43,87131
126,1085.39,1146.89,87131
127,1103.58,1148.41,87131
128,993.501,1156.48,87131
129,1083.21,1166.09,87131
130,1110.74,1167.86,87131
131,1068.99,1186.13,87131
132,1018.17,1188.25,87131
133,1089.55,1205.31,87131
134,1106.73,1213.29,87131
135,1042.5,1218.09,87131
136,979.229,1224.38,87131
137,1076.44,1228.93,87131
138,1109.24,1235.15,87131
139,1048.28,1244.25,87131
140,1015.91,1256.21,87131
141,1065.94,1255.25,87131
142,1056.32,1264.37,87131
143,1075.79,1267.43,87131
144,974.425,1281.75,87131
145,1044.68,1290.66,87131
146,997.126,1291.89,87131
147,965.77,1295.89,87131
148,1001.72,1305.56,87131
149,965.754,1317.68,87131
150,1030.61,1327.91,87131
151,1020.35,1341.44,87131
152,993.046,1370.63,87131
153,974.713,1371.84,87131
154,1066.9,1375.42,87131
155,946.887,1376.01,87131
156,1035.89,1380.94,87131
157,1073.45,1392.23,87131
158,997.444,1401.05,87131
159,962.982,1406.59,87131
160,1066.41,1405.8,87131
161,1028.05,1412.3,87131
162,1008.91,1415.52,87131
163,1074.14,1413.36,87131
164,924.086,1436.63,87131
165,990.086,1442.72,87131
166,1057.04,1444.25,87131
167,1052.07,1452.76,87131
168,926.766,1454.52,87131
169,1023.3,1455.66,87131
170,1063.94,1468.77,87131
171,916.585,1476.6,87131
172,941.916,1495.82,87131
173,920.498,1508.67,87131
174,992.947,1508.83,87131
175,1035.23,1519.66,87131
176,1007.23,1523.68,87131
177,1051.46,1535.16,87131
178,981.789,1537.97,87131
179,952.38,1540.85,87131
180,986.125,1567.9,87131
181,1011.9,1570.77,87131
182,1027.65,1589.93,87131
183,944.916,1592.71,87131
184,1015.23,1610.92,87131
185,893.908,1612.34,87131
186,950.92,1623.1,87131
187,996.616,1639.21,87131
188,882.707,1647.49,87131
189,926.178,1653.65,87131
190,958.046,1672.75,87131
191,941.187,1681.16,87131
192,895.639,1701.25,87131
193,951.401,1704.49,87131
194,924.413,1711.87,87131
195,1008.59,1715.67,87131
196,958.252,1721.47,87131
197,871.609,1722.74,87131
198,950.033,1744.78,87131
###############,END,./22_-45_50-90rot_87131_22.xyz
###############,BEGIN,./24_-45_50-90rot_86283_24.xyz
#,i,x,y,z
1,567.126,16.0345,86283
2,649.189,23.631,86283
3,571.49,41.6046,86283
4,506.449,51.1494,86283
5,576.156,54.4701,86283
6,635.228,54.3851,86283
7,500.39,70.9356,86283
8,631.302,80.8046,86283
9,599.964,88.0747,86283
10,544.109,91.8103,86283
11,581.634,103.023,86283
12,529.01,114.443,86283
13,579.571,114.891,86283
14,609.828,134.368,86283
15,488.437,134.506,86283
16,555.172,133.448,86283
17,588.81,142.428,86283
18,478.694,168.472,86283
19,569.732,166.475,86283
20,523.489,176.214,86283
21,614.655,174.138,86283
22,591.06,177.554,86283
23,508.325,181.068,86283
24,550.639,183.653,86283
25,597.04,187.787,86283
26,487.63,213.492,86283
27,519.253,214.655,86283
28,539.425,249.31,86283
29,512.27,270.747,86283
30,587.982,283.691,86283
31,552.14,284.444,86283
32,464.195,287.414,86283
33,482.283,308.424,86283
34,513.584,318.26,86283
35,528.991,323.116,86283
36,568.822,321.552,86283
37,569.695,356.026,86283
38,535.153,357.567,86283
39,453.576,377.778,86283
40,479.232,379.357,86283
41,522.1,380.041,86283
42,504.023,387.356,86283
43,564.614,388.095,86283
44,467.126,402.376,86283
45,530.92,411.839,86283
46,571.967,425.862,86283
47,435.92,432.579,86283
48,522.485,432.975,86283
49,528.37,440.178,86283
50,435.977,447.989,86283
51,558.925,450.744,86283
52,537.164,453.544,86283
53,517.509,459.195,86283
54,452.571,466.031,86283
55,493.313,466.197,86283
56,476.369,468.729,86283
57,446.97,493.052,86283
58,493.705,501.541,86283
59,543.87,512.931,86283
60,490.984,534.447,86283
61,470.69,543.391,86283
62,439.08,553.305,86283
63,483.448,562.414,86283
64,397.989,566.667,86283
65,434.744,566.301,86283
66,539.929,577.695,86283
67,414.368,584.647,86283
68,498.425,596.579,86283
69,411.51,595.517,86283
70,517.737,617.698,86283
71,500.345,624.023,86283
72,381.29,646.552,86283
73,453.409,655.826,86283
74,506.723,662.698,86283
75,403.111,662.921,86283
76,487.826,660.763,86283
77,429.821,662.133,86283
78,515.198,675.51,86283
79,390.769,696.121,86283
80,437.002,699.293,86283
81,423.892,708.982,86283
82,488.339,724.749,86283
83,501.472,724.784,86283
84,401.58,734.195,86283
85,371.336,736.782,86283
86,456.948,741.275,86283
87,488.557,746.813,86283
88,469.334,749.507,86283
89,414.236,750.884,86283
90,435.898,767.639,86283
91,455.298,768.991,86283
92,387.803,781.545,86283
93,446.88,785.878,86283
94,490.329,801.395,86283
95,379.571,823.563,86283
96,412.452,834.434,86283
97,353.448,837.83,86283
98,449.392,849.526,86283
99,428.898,851.739,86283
100,392.738,851.045,86283
101,382.031,884.905,86283
102,450.739,890.367,86283
103,328.671,916.794,86283
104,398.276,916.667,86283
105,442.644,925.954,86283
106,429.54,926.207,86283
107,390.737,934.956,86283
108,334.639,938.349,86283
109,362.644,948.084,86283
110,348.07,953.982,86283
111,421.446,954.779,86283
112,369.959,961.076,86283
113,427.63,966.269,86283
114,374.494,967.559,86283
115,393.022,990.517,86283
116,355.036,990.777,86283
117,369.693,1007.62,86283
118,408.662,1013.1,86283
119,329.646,1017,86283
120,431.46,1019.01,86283
121,384.685,1029.38,86283
122,304.98,1035.44,86283
123,445.225,1035.68,86283
124,325.575,1060.31,86283
125,358.123,1068.54,86283
126,333.434,1072.65,86283
127,405.951,1082.89,86283
128,441.014,1086.05,86283
129,307.471,1087.58,86283
130,297.347,1102.3,86283
131,429.77,1100.92,86283
132,363.246,1108.57,86283
133,383.333,1115.08,86283
134,329.395,1126.16,86283
135,296.255,1136.21,86283
136,417.698,1137.24,86283
137,373.47,1146.81,86283
138,397.657,1147.7,86283
139,341.684,1160.68,86283
140,372.37,1187.58,86283
141,388.205,1188.04,86283
142,317.816,1189.66,86283
143,332.069,1192.61,86283
144,417.306,1209.51,86283
145,360.345,1212.07,86283
146,383.546,1226.2,86283
147,277.076,1228.1,86283
148,344.145,1236.21,86283
149,398.624,1252.4,86283
150,277.644,1252.87,86283
151,369.499,1265.85,86283
152,268.576,1272.69,86283
153,373.862,1297.68,86283
154,345.445,1300.96,86283
155,398.38,1301.2,86283
156,311.52,1304.57,86283
157,251.68,1310.83,86283
158,373.298,1338.9,86283
159,349.828,1342.07,86283
160,259.395,1343.75,86283
161,326.868,1344.61,86283
162,355.198,1357.25,86283
163,244.134,1360.85,86283
164,312.033,1361.1,86283
165,368.008,1362.75,86283
166,295.38,1374.99,86283
167,246.761,1381.66,86283
168,324.678,1389.36,86283
169,379.06,1392.53,86283
170,253.448,1403.74,86283
171,266.762,1404.6,86283
172,293.247,1418.57,86283
173,259.723,1425.64,86283
174,375.415,1429.82,86283
175,228.466,1438.88,86283
176,322.237,1446.32,86283
177,335.345,1454.02,86283
178,267.764,1468.11,86283
179,313.632,1485.63,86283
180,255.191,1505.99,86283
181,341.693,1505.28,86283
182,280.592,1508.4,86283
183,307.978,1508.86,86283
184,288.752,1518.09,86283
185,294.828,1541.95,86283
186,306.609,1544.25,86283
187,220.149,1549.55,86283
188,255.121,1560.03,86283
189,314.532,1570.53,86283
190,262.931,1576.44,86283
191,203.341,1603.3,86283
192,269.571,1611.45,86283
193,194.301,1612.55,86283
194,336.102,1618.16,86283
195,247.126,1620.98,86283
196,227.011,1627.18,86283
197,276.379,1630.98,86283
198,313.009,1639.2,86283
199,327.977,1642.97,86283
200,263.875,1646.02,86283
201,221.867,1656.84,86283
202,246.861,1658.36,86283
203,234.534,1677.97,86283
204,287.192,1688.75,86283
205,317.356,1690.43,86283
206,304.79,1707.96,86283
207,176.437,1708.3,86283
208,211.407,1714.79,86283
209,261.201,1727.53,86283
210,218.414,1745.95,86283
211,190.997,1754.29,86283
###############,END,./24_-45_50-90rot_86283_24.xyz
###############,BEGIN,./23_-45_50-90rot_88027_23.xyz
#,i,x,y,z
1,2285.51,34.4678,88027
2,2238.15,39.3897,88027
3,2336.6,43.7931,88027
4,2222.03,49.5851,88027
5,2301.93,50.123,88027
6,2327.67,52.0207,88027
7,2257.64,70.9701,88027
8,2243.07,99.808,88027
9,2292.69,128.062,88027
10,2322.53,136.366,88027
11,2343.57,137.356,88027
12,2235.52,137.701,88027
13,2247.13,140.23,88027
14,2199.23,142.854,88027
15,2208.33,142.241,88027
16,2282.55,152.579,88027
17,2303.71,155.374,88027
18,2208.79,167.045,88027
19,2241.44,200.83,88027
20,2237.43,211.072,88027
21,2263.29,216.828,88027
22,2225.26,220.066,88027
23,2214.14,227.714,88027
24,2312.9,231.975,88027
25,2295.36,250.963,88027
26,2259.47,251.757,88027
27,2273.56,262.069,88027
28,2291.05,270.854,88027
29,2185.92,275.287,88027
30,2194.66,284.27,88027
31,2266.45,293.855,88027
32,2211.65,303.657,88027
33,2307.51,306.99,88027
34,2194.13,307.982,88027
35,2281.14,310.815,88027
36,2235.31,329.63,88027
37,2202.7,339.213,88027
38,2191.08,357.279,88027
39,2248.88,360.413,88027
40,2203.5,362.261,88027
41,2285,364.449,88027
42,2232.31,367.741,88027
43,2206.66,381.237,88027
44,2211.49,401.724,88027
45,2256.9,402.414,88027
46,2175.72,415.9,88027
47,2258.67,417.356,88027
48,2224.77,421.264,88027
49,2161.19,433.82,88027
50,2255.66,438.771,88027
51,2271.71,447.126,88027
52,2195.53,454.248,88027
53,2136.24,473.299,88027
54,2270.64,474.598,88027
55,2212.53,474.368,88027
56,2205.56,476.054,88027
57,2221.32,479.738,88027
58,2240.57,483.563,88027
59,2186.55,487.241,88027
60,2136.21,489.08,88027
61,2165.6,493.295,88027
62,2223.85,501.724,88027
63,2201.11,505.968,88027
64,2136.11,528.831,88027
65,2128.24,534.606,88027
66,2180.17,534.986,88027
67,2189.24,534.401,88027
68,2140.52,552.299,88027
69,2207.37,566.684,88027
70,2251.58,566.756,88027
71,2219.47,580.639,88027
72,2112.98,591.34,88027
73,2145.84,592.311,88027
74,2212.45,594.061,88027
75,2228.29,622.567,88027
76,2161.76,642.79,88027
77,2186.73,644.445,88027
78,2171.78,648.185,88027
79,2115.64,654.023,88027
80,2167.2,677.883,88027
81,2093.32,679.001,88027
82,2121.07,681.068,88027
83,2190.8,687.299,88027
84,2231.92,707.906,88027
85,2164.48,709.224,88027
86,2092.09,724.27,88027
87,2213.92,729.41,88027
88,2129.92,733.434,88027
89,2138.41,734.195,88027
90,2095.25,736.63,88027
91,2189.14,748.218,88027
92,2116.2,752.214,88027
93,2195.25,767.624,88027
94,2077.76,791.805,88027
95,2155.04,789.434,88027
96,2215.44,798.966,88027
97,2129.48,806.667,88027
98,2072.45,822.184,88027
99,2174.86,840.287,88027
100,2172.7,847.989,88027
101,2204.02,852.613,88027
102,2082.18,855.194,88027
103,2134.17,858.736,88027
104,2146.15,865.952,88027
105,2196.36,898.403,88027
106,2172.11,899.763,88027
107,2108.91,932.4,88027
108,2071.67,946.667,88027
109,2042.4,949.587,88027
110,2108.29,960.236,88027
111,2140.92,962.069,88027
112,2118.97,964.759,88027
113,2151.33,1004.57,88027
114,2112.56,1019.57,88027
115,2148.79,1024.71,88027
116,2052.06,1028.78,88027
117,2034,1030.32,88027
118,2069.6,1047.64,88027
119,2018.77,1051.53,88027
120,2046.48,1065.23,88027
121,2021.84,1070.11,88027
122,2084.51,1074.96,88027
123,2026.03,1088.15,88027
124,2121.03,1091.49,88027
125,2141.23,1093.71,88027
126,2047.8,1093.3,88027
127,2071.93,1094.74,88027
128,2080.84,1098.28,88027
129,2098.6,1140.99,88027
130,2017.87,1146.1,88027
131,2079.67,1148.35,88027
132,2100.19,1151.7,88027
133,2037.28,1158.43,88027
134,2043.1,1175.54,88027
135,2130.21,1184.48,88027
136,2101.72,1187.07,88027
137,2053.81,1196.92,88027
138,2131,1199.22,88027
139,2064.13,1211.47,88027
140,2009.48,1217.78,88027
141,2018.07,1221.77,88027
142,2112.89,1228.49,88027
143,2036.21,1237.13,88027
144,2100.22,1239.66,88027
145,2023.29,1242.54,88027
146,2071.26,1242.57,88027
147,2115.15,1272.6,88027
148,2069.4,1277.69,88027
149,2003.86,1303.69,88027
150,2003.83,1318.66,88027
151,2083.86,1326.07,88027
152,2041.2,1339.62,88027
153,2103.98,1344.65,88027
154,1958.62,1360.46,88027
155,1998.87,1364.44,88027
156,1996.67,1373.28,88027
157,2044.86,1380.73,88027
158,2098.39,1382.84,88027
159,1969.39,1391.61,88027
160,2052.24,1434.51,88027
161,2026.32,1447.24,88027
162,1980.02,1451.33,88027
163,2011.39,1466.53,88027
164,1944.99,1467.16,88027
165,2077.63,1469.14,88027
166,2085.17,1468.39,88027
167,1972.76,1475.47,88027
168,2013.29,1483.33,88027
169,2058.43,1493.04,88027
170,2001.22,1495.53,88027
171,2029.22,1518.88,88027
172,2057.13,1519.12,88027
173,1963.54,1540.34,88027
174,2022.27,1540.8,88027
175,2066.87,1551.04,88027
176,1925.14,1557.97,88027
177,1949.22,1562.02,88027
178,1971.35,1566.01,88027
179,1980.01,1565.13,88027
180,2055.2,1565.49,88027
181,1997.74,1586.21,88027
182,2018.58,1594.53,88027
183,1952.11,1617.01,88027
184,2008.71,1646.09,88027
185,1975.52,1649.54,88027
186,2013.08,1659.98,88027
187,1899.43,1659.77,88027
188,1931.46,1665.48,88027
189,1973.48,1666.26,88027
190,1948.28,1679.5,88027
191,2038.51,1685.06,88027
192,1954.94,1693.27,88027
193,2035.53,1696.29,88027
194,2003.94,1698.36,88027
195,1894.41,1701.03,88027
196,1985.7,1705.1,88027
197,2008.56,1729.43,88027
198,1895.98,1729.15,88027
199,1937.26,1735.41,88027
200,1910.25,1744.13,88027
201,1883.55,1746.12,88027
202,1980.59,1746.29,88027
############### END ./23_-45_50-90rot_88027_23.xyz
