## x,y +/- 15 (from image shift between 17_0_50-90rot_84955_17.tif and 20_0_50-90rot_85019_20.tif)
## z +/- 250 (from focus values at defocused images: 18_0_50-90rot_84683_18.tif and 19_0_50-90rot_85243_19.tif)
# i x y z
1,417.011,2.18391,85019
2,538.251,1.21379,85019
3,1425.19,4.26207,85019
4,832.184,3.44828,85019
5,1982.91,7.5092,85019
6,2345.59,5.93908,85019
7,2157.96,9.13103,85019
8,600.862,7.75862,85019
9,760.92,10.7103,85019
10,1465.13,12.8506,85019
11,1299.75,14.8609,85019
12,1559.43,15.7471,85019
13,1121.26,15.5172,85019
14,1328.29,19.4,85019
15,1383.72,19.892,85019
16,1828.33,18.6782,85019
17,43.5345,18.1034,85019
18,323.455,21.7678,85019
19,205.762,22.2667,85019
20,1910.51,22.0851,85019
21,1639.69,25.4391,85019
22,1287.3,24.5034,85019
23,1717.03,25.9609,85019
24,648.59,27.2471,85019
25,841.379,27.1678,85019
26,1941.02,26.7138,85019
27,60.6149,28.3632,85019
28,2041.79,28.3253,85019
29,443.539,30.6575,85019
30,738.825,30.4598,85019
31,2258.01,31.1701,85019
32,2293.06,30.6517,85019
33,2324.54,32.0345,85019
34,957.322,34.6575,85019
35,2113,32.5943,85019
36,1533.33,35.3126,85019
37,1133.27,36.4195,85019
38,241.264,38.4069,85019
39,1564.72,40.4506,85019
40,1067.99,41.2069,85019
41,1259.68,43.1034,85019
42,90.9057,44.2529,85019
43,111.638,43.6782,85019
44,188.251,44.0609,85019
45,1029.79,45.6253,85019
46,2078.74,47.0184,85019
47,422.69,47.1494,85019
48,563.72,49.7552,85019
49,2007.67,48.9517,85019
50,2227.01,48.8506,85019
51,2350.03,49.3736,85019
52,1479.99,49.0598,85019
53,1686.36,51.5425,85019
54,609.114,52.7092,85019
55,848.608,50.9069,85019
56,1450.09,51.5172,85019
57,482.784,53.6977,85019
58,505.536,55.4747,85019
59,690.997,55.9529,85019
60,1544.53,54.9805,85019
61,174.587,55.8966,85019
62,1871.74,56.4908,85019
63,873.032,56.9402,85019
64,1149.32,57.4931,85019
65,1828.06,57.346,85019
66,13.8264,61.5954,85019
67,932.307,61.7816,85019
68,1054.67,60.6517,85019
69,114.943,60.9195,85019
70,43.5011,63.8368,85019
71,419.189,65.4241,85019
72,1489.67,65.854,85019
73,2030.13,65.2713,85019
74,1748.42,67.3966,85019
75,1972.99,66.6667,85019
76,738.471,70.3759,85019
77,2075.47,71.4046,85019
78,2229.72,70.6897,85019
79,1434.6,72.3368,85019
80,788.615,74.231,85019
81,1054.67,74.5598,85019
82,1196.54,75.2874,85019
83,1612.07,76.0885,85019
84,1915,77.4046,85019
85,509.721,76.9368,85019
86,861.452,76.6494,85019
87,1956.63,78.308,85019
88,898.161,79.923,85019
89,2168.76,79.4402,85019
90,2285.25,79.1184,85019
91,203.859,81.6908,85019
92,670.726,84.854,85019
93,264.986,86.3839,85019
94,131.737,87.4207,85019
95,1856.5,89.5954,85019
96,169.101,90.4667,85019
97,299.646,89.6552,85019
98,1095.93,90.4299,85019
99,1483.58,91.0793,85019
100,1528.28,90.2874,85019
101,1603.61,91.231,85019
102,317.105,92.2552,85019
103,2293.68,91.6092,85019
104,284.083,93.3287,85019
105,364.505,94.4172,85019
106,442.644,93.7115,85019
107,982.622,92.3103,85019
108,1304.25,90.6897,85019
109,13.1368,95.5667,85019
110,726.08,95.1563,85019
111,1108.22,96.6609,85019
112,2035.8,95.3207,85019
113,1647.87,96.5517,85019
114,2148.38,96.1126,85019
115,925.501,100.739,85019
116,767.741,102.923,85019
117,151.426,103.23,85019
118,781.3,103.846,85019
119,1782.18,103.161,85019
120,2231.75,102.299,85019
121,1326.52,104.859,85019
122,1843.03,105.517,85019
123,582.782,105.494,85019
124,1382,106.106,85019
125,2196.22,107.714,85019
126,1150.24,110.345,85019
127,526.53,110.363,85019
128,2068.72,108.456,85019
129,1352.64,110,85019
130,1554.21,113.346,85019
131,1668.29,113.253,85019
132,487.241,111.839,85019
133,2168.23,116.859,85019
134,585.187,117.705,85019
135,532.83,118.678,85019
136,958.908,117.816,85019
137,1898.68,120.115,85019
138,102.08,120.987,85019
139,89.9161,121.316,85019
140,1581.26,123.448,85019
141,1724.56,122.614,85019
142,631.789,124.317,85019
143,1366.51,124.661,85019
144,2267.43,125.287,85019
145,686.207,126.437,85019
146,1260.19,129.033,85019
147,2075.86,127.011,85019
148,842.046,129.448,85019
149,2013.01,129.571,85019
150,186.322,131.187,85019
151,797.061,132.233,85019
152,2110.92,129.949,85019
153,1146.78,130.46,85019
154,1251.51,131.609,85019
155,2209.29,131.897,85019
156,1378.74,131.992,85019
157,1653.09,133.552,85019
158,1805.43,133.871,85019
159,357.608,136.098,85019
160,667.993,134.571,85019
161,1778.36,137.098,85019
162,56.769,140.485,85019
163,29.6517,142.233,85019
164,209.718,141.431,85019
165,1997.34,143.405,85019
166,1034.29,143.591,85019
167,1563.87,143.678,85019
168,2254.45,143.252,85019
169,434.405,144.408,85019
170,274.162,147.799,85019
171,1062.61,146.923,85019
172,1795.55,144.971,85019
173,114.799,145.833,85019
174,872.745,148.084,85019
175,96.2989,149.908,85019
176,1129.14,149.318,85019
177,949.175,152.063,85019
178,1220.85,151.254,85019
179,689.08,152.234,85019
180,983.678,151.916,85019
181,1311.46,152.551,85019
182,2083.72,151.831,85019
183,204.907,151.415,85019
184,1159.33,154.389,85019
185,494.046,156.575,85019
186,780.172,157.594,85019
187,440.23,159.195,85019
188,1395.85,157.407,85019
189,159.018,161.17,85019
190,1733.28,163.125,85019
191,2222.41,161.33,85019
192,1467.66,161.808,85019
193,190.472,165.003,85019
194,1403.56,164.023,85019
195,1649.7,166.774,85019
196,1398.28,168.153,85019
197,1840.29,167.752,85019
198,298.506,168.506,85019
199,1099.95,169.923,85019
200,1510.63,168.391,85019
201,2302.87,168.062,85019
202,1820.11,172.069,85019
203,937.356,172.759,85019
204,1420.5,176.655,85019
205,2209.77,174.987,85019
206,1180.87,176.026,85019
207,1611.88,178.659,85019
208,1911.21,180.224,85019
209,317.866,181.484,85019
210,511.948,181.216,85019
211,2111.01,181.811,85019
212,2267.28,181.825,85019
213,1013.79,180.46,85019
214,1580.01,183.394,85019
215,665.448,183.931,85019
216,1069,184.516,85019
217,2242.36,182.86,85019
218,50.9851,184.154,85019
219,2029.93,187.062,85019
220,626.437,186.946,85019
221,866.697,188.113,85019
222,971.711,187.867,85019
223,1300.51,187.689,85019
224,1492.73,189.08,85019
225,1026.87,187.931,85019
226,1195.93,191.579,85019
227,1841.95,191.58,85019
228,1954.6,190.805,85019
229,1102.23,192.401,85019
230,2143,193.579,85019
231,414.253,192.874,85019
232,1129.55,196.791,85019
233,1168.44,196.777,85019
234,519.362,197.721,85019
235,605.582,198.608,85019
236,790.869,198.084,85019
237,1312.01,202.385,85019
238,67.6494,204.134,85019
239,1039.2,204.195,85019
240,1650.95,204.172,85019
241,757.234,206.524,85019
242,693.272,206.897,85019
243,309.614,208.621,85019
244,477.203,211.721,85019
245,813.985,209.003,85019
246,1987.42,212.197,85019
247,1360.51,213.437,85019
248,2244.32,214.176,85019
249,535.771,216.191,85019
250,1268.36,218.069,85019
251,276.785,219.14,85019
252,2269.77,220.575,85019
253,1482.78,223.11,85019
254,2079.31,221.264,85019
255,707.941,224.399,85019
256,368.145,225.575,85019
257,964.059,226.452,85019
258,134.564,227.134,85019
259,1218.05,226.505,85019
260,1886.45,228.784,85019
261,150.105,230.564,85019
262,1787.78,230.885,85019
263,2207.84,230.534,85019
264,902.545,229.475,85019
265,1636.49,230.747,85019
266,2167.93,230.153,85019
267,2221.26,231.609,85019
268,1674.25,232.184,85019
269,700,232.759,85019
270,96.4368,237.126,85019
271,175.594,234.905,85019
272,228.325,235.276,85019
273,2105,235.721,85019
274,1658.37,236.299,85019
275,2303.74,234.77,85019
276,853.399,239.606,85019
277,1956.67,236.207,85019
278,2272.99,237.028,85019
279,1017.21,240.74,85019
280,1616.71,241.866,85019
281,2034.67,239.91,85019
282,585.476,242.32,85019
283,1393.56,242.693,85019
284,1434.58,243.476,85019
285,2339.03,243.695,85019
286,363.57,245.083,85019
287,2237.36,242.848,85019
288,1984.29,244.636,85019
289,2350,245.341,85019
290,276.564,246.487,85019
291,1137.05,248.669,85019
292,1197.32,245.785,85019
293,1729.72,248.221,85019
294,449.976,249.664,85019
295,718.966,246.839,85019
296,783.525,248.786,85019
297,1794.02,249.923,85019
298,229.639,248.851,85019
299,206.732,251.56,85019
300,1931.86,250.51,85019
301,512.069,252.069,85019
302,549.939,255.202,85019
303,47.6529,256.178,85019
304,1553.9,258.894,85019
305,1999.57,259.336,85019
306,1209.49,258.672,85019
307,531.992,262.133,85019
308,1098.57,263.924,85019
309,2065.56,263.026,85019
310,760.575,262.644,85019
311,780.851,264.713,85019
312,1918.03,265.186,85019
313,1941.74,263.848,85019
314,365.555,266.82,85019
315,2114.99,269.31,85019
316,83.908,268.966,85019
317,1366.39,270.222,85019
318,1477.46,269.221,85019
319,1194.08,271.494,85019
320,1851.15,274.915,85019
321,1401.95,275.876,85019
322,65.7379,278.779,85019
323,1659.77,277.955,85019
324,2336.6,277.807,85019
325,2304.36,279.289,85019
326,632.983,282.997,85019
327,2238,282.471,85019
328,172.529,285.586,85019
329,343.793,284.713,85019
330,474.905,284.355,85019
331,1381.73,286.987,85019
332,258.837,287.787,85019
333,1322.12,289.08,85019
334,223.88,289.595,85019
335,885.841,290.195,85019
336,1059.72,290.394,85019
337,702.846,293.454,85019
338,2236.76,293.593,85019
339,314.368,295.594,85019
340,1505.63,294.971,85019
341,1727.65,295.233,85019
342,998.563,294.923,85019
343,2015.95,294.54,85019
344,373.563,295.402,85019
345,554.075,297.823,85019
346,1628.69,298.482,85019
347,2068.52,296.744,85019
348,1206.56,298.578,85019
349,2330.62,296.633,85019
350,2085.55,299.893,85019
351,787.136,300.575,85019
352,966.689,301.214,85019
353,1111.7,301.601,85019
354,829.013,302.192,85019
355,895.703,303.694,85019
356,190.331,306.254,85019
357,734.578,306.083,85019
358,1422.8,307.816,85019
359,842.009,309.552,85019
360,2162.93,310.893,85019
361,993.08,309.908,85019
362,1991.85,310.28,85019
363,2057.47,308.621,85019
364,2199.58,310.859,85019
365,1073.1,311.034,85019
366,1217.42,312.433,85019
367,1898.61,312.402,85019
368,547.372,314.368,85019
369,1102.41,316.918,85019
370,1743.68,316.667,85019
371,1869.06,317.737,85019
372,347.328,319.684,85019
373,1302.64,318.736,85019
374,749.259,319.262,85019
375,628.91,320.664,85019
376,645.259,321.839,85019
377,1903.76,323.07,85019
378,1327.89,323.563,85019
379,2016.09,320.977,85019
380,414.887,324.045,85019
381,1107.51,325.99,85019
382,99.0023,326.467,85019
383,193.678,325.287,85019
384,1416.44,324.713,85019
385,1797.95,330,85019
386,2325.49,329.953,85019
387,702.359,331.451,85019
388,1732.67,330.68,85019
389,433.438,332.393,85019
390,1005.25,333.525,85019
391,486.749,335.887,85019
392,590.4,334.93,85019
393,246.892,335.782,85019
394,2221.91,334.77,85019
395,167.841,336.456,85019
396,1499.89,338.218,85019
397,2253.52,335.733,85019
398,625.753,340.422,85019
399,1323.91,341.187,85019
400,1679.4,340.285,85019
401,1829.2,340.051,85019
402,818.914,341.066,85019
403,886.468,342.477,85019
404,2278.74,341.379,85019
405,28.3425,344.464,85019
406,1037.79,343.391,85019
407,2050.72,345.206,85019
408,573.678,345.69,85019
409,1299.26,344.663,85019
410,1455.75,344.253,85019
411,1591.63,346.424,85019
412,1875.63,348.82,85019
413,1989.15,347.406,85019
414,254.36,348.653,85019
415,1255.58,349.344,85019
416,2309.02,348.333,85019
417,1173.13,347.845,85019
418,2147.37,349.667,85019
419,58.9402,351.724,85019
420,713.985,350.957,85019
421,905.172,351.629,85019
422,932.04,354.914,85019
423,1974.71,353.448,85019
424,1516.45,356.459,85019
425,97.2506,357.705,85019
426,161.703,356.374,85019
427,662.261,356.769,85019
428,1769.63,358.851,85019
429,301.149,358.993,85019
430,998.994,360.345,85019
431,445.731,362.562,85019
432,1015.09,362.705,85019
433,1229.77,362.491,85019
434,1668.71,363.655,85019
435,1378.64,364.129,85019
436,787.011,366.82,85019
437,1426.04,366.153,85019
438,1570.94,366.544,85019
439,201.384,367.454,85019
440,515.033,368.452,85019
441,1154.51,369.026,85019
442,2218.19,368.687,85019
443,1347.91,370.349,85019
444,1416.72,370.287,85019
445,286.782,369.54,85019
446,148.556,373.283,85019
447,1160.54,373.18,85019
448,1227.06,374.474,85019
449,2320.98,375.128,85019
450,199.918,374.959,85019
451,790.145,377.374,85019
452,2172.89,377.836,85019
453,2.12644,379.08,85019
454,1027.01,378.161,85019
455,1078.28,379.828,85019
456,412.11,381.855,85019
457,1824.1,382.113,85019
458,1496.74,382.874,85019
459,1561.3,385.409,85019
460,1643.35,383.826,85019
461,2135.27,385.943,85019
462,1098.13,385.882,85019
463,454.995,388.417,85019
464,595.498,388.889,85019
465,829.885,387.701,85019
466,1935.84,389.122,85019
467,1724.21,390.23,85019
468,911.207,389.847,85019
469,1921.76,390.969,85019
470,54.8851,391.379,85019
471,283.333,391.609,85019
472,404.805,392.897,85019
473,1193.1,391.81,85019
474,851.609,393.103,85019
475,2280.21,393.185,85019
476,2108.05,393.103,85019
477,1272.38,397.093,85019
478,1457.34,397.126,85019
479,934.357,397.676,85019
480,338.541,399.317,85019
481,790.869,400.362,85019
482,1670.15,401.976,85019
483,1980.95,402.011,85019
484,655.069,403.993,85019
485,1528.22,401.967,85019
486,1241.65,403.64,85019
487,1808.33,404.639,85019
488,1408.7,407.397,85019
489,1994.64,405.747,85019
490,291.571,407.471,85019
491,490.354,409.77,85019
492,1782.6,407.68,85019
493,111.354,411.261,85019
494,9.9908,413.992,85019
495,438.854,413.357,85019
496,1586.78,412.592,85019
497,1887.36,412.356,85019
498,2052.02,414.959,85019
499,2017.05,414.495,85019
500,285.131,416.932,85019
501,886.36,418.966,85019
502,1540.3,418.216,85019
503,958.517,420.115,85019
504,1088.67,419.499,85019
505,554.038,421.53,85019
506,764.324,420.115,85019
507,2105.4,421.784,85019
508,623.18,422.349,85019
509,529.368,422.701,85019
510,1366.21,427.889,85019
511,1597.13,426.136,85019
512,172.211,428.907,85019
513,1215.52,425.862,85019
514,2244.05,430.057,85019
515,656.753,428.592,85019
516,858.269,430.385,85019
517,1152.07,431.609,85019
518,1131.84,434.893,85019
519,2325.81,436.102,85019
520,1698.43,436.36,85019
521,1247.81,439.045,85019
522,1281.61,437.356,85019
523,2025.37,438.013,85019
524,186.938,440.439,85019
525,395.231,441.426,85019
526,1191.27,441.676,85019
527,947.241,440.575,85019
528,1630.71,443.103,85019
529,1737.69,445.74,85019
530,1763.68,444.734,85019
531,1832.46,445.36,85019
532,2206.41,443.722,85019
533,1814.11,445.977,85019
534,2156.13,444.445,85019
535,1960.63,447.332,85019
536,39.9425,447.989,85019
537,759.77,447.126,85019
538,1456.06,448.695,85019
539,2233.76,448.228,85019
540,217.146,450.639,85019
541,1257.54,450.032,85019
542,424.943,451.576,85019
543,740.23,448.851,85019
544,93.7828,452.638,85019
545,1985.15,452.783,85019
546,33.2057,451.916,85019
547,1002.04,455.136,85019
548,1034.5,454.041,85019
549,512.03,454.915,85019
550,1391.38,454.598,85019
551,2145.37,456.829,85019
552,567.401,458.685,85019
553,1477.37,458.298,85019
554,1518.2,456.002,85019
555,612.644,459.072,85019
556,889.286,460.797,85019
557,928.437,461.402,85019
558,864.632,464.197,85019
559,2342.66,464.09,85019
560,370.424,467.211,85019
561,762.121,464.002,85019
562,1104.69,466.386,85019
563,1303.74,467.433,85019
564,842.843,467.346,85019
565,2082.87,468.472,85019
566,806.034,468.391,85019
567,1683.65,468.6,85019
568,306.349,471.167,85019
569,1472.99,469.109,85019
570,1149.14,470.546,85019
571,1513.51,472.989,85019
572,1690.85,475.759,85019
573,638.889,475.78,85019
574,2230.71,477.651,85019
575,683.01,478.771,85019
576,732.216,478.928,85019
577,130.96,478.936,85019
578,942.025,478.807,85019
579,1889.61,481.855,85019
580,2098.2,480.717,85019
581,1945.98,483.952,85019
582,1570.93,487.337,85019
583,1363.97,488.052,85019
584,1861.01,489.192,85019
585,997.254,490.166,85019
586,35.6184,493.117,85019
587,521.983,491.667,85019
588,1790.58,492.086,85019
589,1762.64,493.343,85019
590,619.563,494.414,85019
591,1542.07,496.385,85019
592,1062.12,497.37,85019
593,2296.09,499.054,85019
594,299.179,499.959,85019
595,767.356,499.483,85019
596,1814.56,497.893,85019
597,1363.27,499.739,85019
598,1469.01,501.629,85019
599,1630.64,501.572,85019
600,847.052,502.024,85019
601,1701.84,504.246,85019
602,1966.91,503.859,85019
603,1989.34,506.769,85019
604,1178.41,506.815,85019
605,2338.1,510.244,85019
606,1385.39,512.975,85019
607,1036.48,514.184,85019
608,2035.51,514.459,85019
609,214.277,514.913,85019
610,722.513,515.156,85019
611,2271.2,514.921,85019
612,752.337,516.59,85019
613,1310.78,516.571,85019
614,182.116,517.579,85019
615,1584.11,517.928,85019
616,1604.9,516.193,85019
617,2243.2,516.859,85019
618,1745.19,517.607,85019
619,1854.64,518.782,85019
620,1543.06,519.761,85019
621,672.284,521.709,85019
622,2140.54,521.647,85019
623,1715.71,520.307,85019
624,623.611,525.048,85019
625,910.072,525.499,85019
626,1142.71,526.226,85019
627,1735.09,526.085,85019
628,1909.15,523.829,85019
629,129.784,527.553,85019
630,794.471,526.179,85019
631,445.122,529.787,85019
632,1359.2,529.277,85019
633,1427.01,527.543,85019
634,2209.14,529.051,85019
635,2231.4,529.833,85019
636,1941.17,529.679,85019
637,515.321,533.087,85019
638,866.945,532.351,85019
639,1502.18,532.654,85019
640,840.969,532.102,85019
641,338.438,536.387,85019
642,127.267,536.462,85019
643,49.3437,538.013,85019
644,159.195,536.782,85019
645,1077.12,538.871,85019
646,2122.54,538.251,85019
647,2162.26,539.975,85019
648,1012.2,544.409,85019
649,1840.39,543.73,85019
650,724.138,543.432,85019
651,1197.8,544.397,85019
652,1249.82,546.552,85019
653,1886.29,545.829,85019
654,2150.62,544.607,85019
655,1309.17,546,85019
656,1456.34,546.447,85019
657,1832.41,546.552,85019
658,1292.23,550.575,85019
659,1364.2,549.943,85019
660,940.422,549.043,85019
661,262.882,551.744,85019
662,2296.67,552.222,85019
663,565.503,553.925,85019
664,642.138,553.448,85019
665,856.13,553.886,85019
666,1619.09,554.853,85019
667,1668.28,552.529,85019
668,1989.75,555.326,85019
669,2227.01,555.977,85019
670,2184.73,558.702,85019
671,118.555,559.606,85019
672,66.2356,560.489,85019
673,1103.31,562.147,85019
674,1432.04,560.345,85019
675,225.057,561.149,85019
676,2218.28,560.115,85019
677,1484.32,561.166,85019
678,798.621,563.678,85019
679,479.157,566.475,85019
680,936.133,567.12,85019
681,2327.5,567.787,85019
682,406.897,566.81,85019
683,824.641,568.211,85019
684,1695.19,569.114,85019
685,2074.53,570.577,85019
686,1913.68,570.383,85019
687,2128.78,570.336,85019
688,1147.5,574.251,85019
689,1813.59,575.064,85019
690,32.3517,578.232,85019
691,517.529,575.791,85019
692,244.007,579.037,85019
693,2128.54,578.161,85019
694,1298.28,578.161,85019
695,1379.84,580.14,85019
696,1729.04,577.852,85019
697,112.989,579.195,85019
698,1168.46,580.832,85019
699,360.031,582.236,85019
700,583.333,583.853,85019
701,1353.09,581.566,85019
702,2098.98,581.83,85019
703,726.068,583.785,85019
704,1223.95,582.184,85019
705,399.425,586.667,85019
706,1611.49,585.632,85019
707,1418.1,587.356,85019
708,1830.87,589.933,85019
709,512.836,589.847,85019
710,926.245,590.422,85019
711,1314.37,589.655,85019
712,2306.09,590.345,85019
713,886.543,592.721,85019
714,159.866,593.103,85019
715,1957.46,595.76,85019
716,644.331,596.578,85019
717,1476.59,595.94,85019
718,1720.17,594.984,85019
719,2041.08,598.303,85019
720,301.603,598.941,85019
721,198.49,601.083,85019
722,732.184,598.563,85019
723,1533.83,601.275,85019
724,1593.78,601.649,85019
725,824.318,601.494,85019
726,1029.55,602.255,85019
727,80.4299,602.087,85019
728,326.344,604.839,85019
729,1662.21,601.868,85019
730,1729.25,607.024,85019
731,970.825,609.972,85019
732,1272.5,609.072,85019
733,78.4678,610.613,85019
734,158.678,609.598,85019
735,1918.74,610.345,85019
736,150.287,610.057,85019
737,807.931,610.69,85019
738,1983.53,611.111,85019
739,2325.86,613.218,85019
740,368.283,615.266,85019
741,880.757,614.645,85019
742,1178.91,615.783,85019
743,1228.51,617.711,85019
744,495.87,619.367,85019
745,1928.65,617.652,85019
746,2072.76,620.345,85019
747,2249.37,620.402,85019
748,171.234,621.809,85019
749,104.828,622.069,85019
750,1332.05,623.672,85019
751,1762.6,625.172,85019
752,701.149,627.874,85019
753,1067.4,629.372,85019
754,1401.81,631.902,85019
755,1723.41,629.206,85019
756,605.595,631.548,85019
757,1102.35,632.724,85019
758,1446.07,634.217,85019
759,1623.27,634.269,85019
760,1688.81,633.032,85019
761,393.32,635.884,85019
762,2155.65,635.914,85019
763,1162.79,638.075,85019
764,1484.06,638.548,85019
765,1916.87,637.806,85019
766,254.598,637.586,85019
767,1299.49,639.114,85019
768,2009.39,639.108,85019
769,816.831,638.177,85019
770,742.907,641.954,85019
771,2209.77,641.034,85019
772,2222.64,640.805,85019
773,1816.11,643.333,85019
774,455.997,645.602,85019
775,1136.33,643.87,85019
776,1422.49,644.636,85019
777,583.621,647.075,85019
778,1398.05,643.563,85019
779,1797.41,647.956,85019
780,546.322,646.552,85019
781,150.911,650.674,85019
782,446.274,651.184,85019
783,1505.17,653.661,85019
784,1586.4,653.193,85019
785,55.5828,654.598,85019
786,454.483,652.989,85019
787,668.238,653.218,85019
788,385.92,655.795,85019
789,1087.42,655.549,85019
790,1115.75,652.759,85019
791,2262.59,655.828,85019
792,2288.37,655.714,85019
793,247.103,657.54,85019
794,1663.31,656.409,85019
795,2204.16,656.808,85019
796,23.2759,658.098,85019
797,974.713,657.91,85019
798,1295.4,656.732,85019
799,1876.65,657.628,85019
800,565.022,659.869,85019
801,1264.73,658.255,85019
802,1330.02,661.937,85019
803,2080.46,659.195,85019
804,1020.18,660.163,85019
805,899.537,663.46,85019
806,2310.21,663.395,85019
807,1935.29,664.368,85019
808,5.39425,665.608,85019
809,1625.33,664.866,85019
810,724.344,666.625,85019
811,595.005,666.799,85019
812,1747.3,669.46,85019
813,176.843,668.323,85019
814,1353.47,671.306,85019
815,1420.23,667.586,85019
816,347.866,670.731,85019
817,1955.75,668.391,85019
818,294.794,672.076,85019
819,912.021,672.653,85019
820,1176.63,669.923,85019
821,1549.53,674.002,85019
822,1607.26,673.302,85019
823,495.728,675.187,85019
824,132.882,678.736,85019
825,757.232,677.538,85019
826,861.638,677.778,85019
827,1892.25,679.513,85019
828,676.868,681.214,85019
829,839.08,681.034,85019
830,1367.82,678.736,85019
831,1381.49,679.195,85019
832,1833.47,680.899,85019
833,1392.53,680.115,85019
834,1400.44,681.982,85019
835,372.824,682.43,85019
836,1045.89,684.308,85019
837,2086.84,684.483,85019
838,2048.47,683.716,85019
839,727.285,685.687,85019
840,1396.26,684.195,85019
841,1728.3,685.776,85019
842,2322.32,686.925,85019
843,1366.09,688.41,85019
844,1390.9,829.516,85019
845,1242.21,691.856,85019
846,1257.47,690.057,85019
847,412.608,691.883,85019
848,825.646,691.738,85019
849,1165.8,691.379,85019
850,959.669,693.577,85019
851,2274.8,693.133,85019
852,569.452,693.236,85019
853,1612.93,695.648,85019
854,877.394,694.445,85019
855,1544.03,696.086,85019
856,744.023,697.701,85019
857,1175.2,699.043,85019
858,2003.52,697.938,85019
859,400.957,697.989,85019
860,1046.1,699.17,85019
861,1930.35,700.682,85019
862,613.009,702.351,85019
863,1592.8,702.828,85019
864,2210.7,702.586,85019
865,365.21,703.601,85019
866,1456.56,705.652,85019
867,1679.48,703.563,85019
868,1868.39,701.724,85019
869,837.586,702.184,85019
870,1567.35,705.72,85019
871,2224.67,706.013,85019
872,399.305,706.503,85019
873,278.567,708.384,85019
874,1876.82,707.164,85019
875,136.526,708.813,85019
876,87.4517,710.153,85019
877,576.855,709.875,85019
878,1218.88,712.562,85019
879,1827.46,714.655,85019
880,2012.85,714.098,85019
881,2165.31,713.862,85019
882,1188.45,713.949,85019
883,917.846,716.844,85019
884,1161.09,717.275,85019
885,1705.68,716.699,85019
886,1070.9,718.663,85019
887,547.701,719.54,85019
888,863.616,722.915,85019
889,180.891,722.797,85019
890,1127.21,722.364,85019
891,1293.32,724.439,85019
892,70.1632,724.377,85019
893,1103.66,723.354,85019
894,1334.83,722.414,85019
895,30.8322,726.707,85019
896,566.271,726.293,85019
897,645.646,726.837,85019
898,749.847,726.092,85019
899,1737.08,725.862,85019
900,463.079,728.161,85019
901,135.632,729.344,85019
902,1403.74,727.586,85019
903,1398.47,729.118,85019
904,376.114,731.789,85019
905,504.79,732.631,85019
906,904.023,729.803,85019
907,1167.24,729.31,85019
908,100.575,732.207,85019
909,1405.75,733.764,85019
910,1414.94,732.759,85019
911,1431.38,733.908,85019
912,1444.54,734.195,85019
913,1396.63,734.729,85019
914,1507.14,736.863,85019
915,593.908,735.747,85019
916,685.763,739.885,85019
917,1408.18,747.251,85019
918,1674.28,737.356,85019
919,764.815,739.72,85019
920,1426.49,739.655,85019
921,1431.28,739.984,85019
922,732.759,741.14,85019
923,1395.66,746.736,85019
924,1480.17,740.805,85019
925,2136.17,742.491,85019
926,1435.52,742.414,85019
927,1468.1,743.678,85019
928,1842.17,745.402,85019
929,2187.7,745.489,85019
930,216.313,747.282,85019
931,1064.6,745.605,85019
932,1427.01,744.943,85019
933,1440.42,747.893,85019
934,1454.98,750.383,85019
935,604.239,746.983,85019
936,947.531,749.318,85019
937,1418.97,746.408,85019
938,1480.75,747.126,85019
939,1512.91,752.491,85019
940,2042.28,748.357,85019
941,292.18,750.662,85019
942,1661.93,752.378,85019
943,1494.68,752.299,85019
944,1003.54,754.632,85019
945,1201.92,753.64,85019
946,1427.01,753.448,85019
947,2091.48,755.329,85019
948,2300.57,752.586,85019
949,1212.99,754.368,85019
950,1273.68,754.598,85019
951,1388.51,754.023,85019
952,1472.3,754.598,85019
953,1484.32,755.418,85019
954,2074.3,757.028,85019
955,1132.05,759.039,85019
956,1223.33,755.517,85019
957,1237.5,756.034,85019
958,1413.22,755.46,85019
959,1440.27,759.107,85019
960,1506.32,755.172,85019
961,1217.31,760.153,85019
962,1467.73,757.061,85019
963,1581.87,759.351,85019
964,1488.74,759.655,85019
965,1612.7,758.36,85019
966,1208.37,761.749,85019
967,1262.07,759.483,85019
968,1457.9,760.201,85019
969,1787.59,761.799,85019
970,2252.15,761.749,85019
971,324.877,761.768,85019
972,1192.99,761.149,85019
973,1226.72,760.92,85019
974,1233.91,760.345,85019
975,1412.07,760.345,85019
976,1493.39,760.057,85019
977,2342.74,762.225,85019
978,1293.68,761.703,85019
979,1203.45,762.931,85019
980,1245.06,774.178,85019
981,904.105,765.353,85019
982,1222.09,765.107,85019
983,1262.18,764.023,85019
984,866.962,767.738,85019
985,1284.25,764.483,85019
986,1753.92,766.498,85019
987,733.78,767.177,85019
988,1423.37,766.092,85019
989,1968.91,767.529,85019
990,536.054,767.854,85019
991,956.417,768.583,85019
992,1230.95,767.734,85019
993,2012.74,768.91,85019
994,43.3333,771.667,85019
995,1212.99,768.621,85019
996,1268.23,770.444,85019
997,627.676,773.857,85019
998,1404.99,772.759,85019
999,53.2563,774.138,85019
1000,294.385,775.331,85019
1001,1264.94,774.138,85019
1002,1281.69,774.467,85019
1003,1287.7,772.989,85019
1004,2320.55,776.126,85019
1005,533.883,777.382,85019
1006,1202.52,775.597,85019
1007,1272.41,773.563,85019
1008,1801.26,774.943,85019
1009,700.784,777.029,85019
1010,1274.47,775.78,85019
1011,1948.28,778.391,85019
1012,796.856,778.194,85019
1013,1004.98,777.586,85019
1014,1222.99,780.46,85019
1015,1253.71,781.741,85019
1016,1316.8,784.763,85019
1017,1274.71,783.441,85019
1018,1586.32,781.264,85019
1019,1700.73,782.968,85019
1020,169.397,783.477,85019
1021,908.046,781.609,85019
1022,1335.63,781.322,85019
1023,2153.04,784.866,85019
1024,146.64,784.969,85019
1025,223.563,783.333,85019
1026,1226.09,783.103,85019
1027,1294.54,783.046,85019
1028,1915.62,785.58,85019
1029,884.959,786.623,85019
1030,1338.62,785.747,85019
1031,1883.78,785.583,85019
1032,1240.04,786.974,85019
1033,1758.39,789.22,85019
1034,2040.11,788.253,85019
1035,2215.27,789.476,85019
1036,1322.09,789.901,85019
1037,1494.77,794.957,85019
1038,1129.79,791.602,85019
1039,401.724,793.349,85019
1040,778.645,796.4,85019
1041,1836.69,794.876,85019
1042,421.954,796.023,85019
1043,986.853,798.922,85019
1044,437.356,801.218,85019
1045,1100.86,799.138,85019
1046,1931.94,801.93,85019
1047,1319.46,801.724,85019
1048,1323.74,804.111,85019
1049,1059.16,806.059,85019
1050,1236.27,806.769,85019
1051,313.87,807.433,85019
1052,650.561,808.647,85019
1053,1294.64,804.98,85019
1054,86.946,806.978,85019
1055,210.575,808.879,85019
1056,292.6,807.543,85019
1057,1327.97,809.195,85019
1058,1301.72,807.701,85019
1059,2021.26,809.989,85019
1060,773.755,811.638,85019
1061,1294.71,811.264,85019
1062,1441.95,810.345,85019
1063,1597.5,811.823,85019
1064,2120.06,812.299,85019
1065,1000.57,815.479,85019
1066,1304.48,812.759,85019
1067,1288.22,816.762,85019
1068,1634.43,816.876,85019
1069,1882.18,818.807,85019
1070,1121.53,819.408,85019
1071,1439.08,818.391,85019
1072,529.513,820.183,85019
1073,980.939,819.732,85019
1074,1586.65,821.176,85019
1075,2317.55,821.992,85019
1076,451.341,825.287,85019
1077,1433.05,821.839,85019
1078,1710.18,823.833,85019
1079,849.106,825.309,85019
1080,1436.54,824.22,85019
1081,1654.16,825.155,85019
1082,166.379,825.862,85019
1083,340.134,826.437,85019
1084,1971.8,827.838,85019
1085,960.632,828.736,85019
1086,739.08,832.651,85019
1087,348.674,833.849,85019
1088,1844.14,834.626,85019
1089,2050.66,831.445,85019
1090,812.034,835.649,85019
1091,2130.68,835.489,85019
1092,586.579,837.964,85019
1093,1026.01,835.632,85019
1094,1228.34,838.093,85019
1095,1737.63,837.575,85019
1096,3.33333,836.36,85019
1097,1793.36,838.736,85019
1098,2181.82,837.901,85019
1099,2207.72,838.999,85019
1100,1201.28,839.72,85019
1101,60.5195,842.268,85019
1102,2229.84,839.921,85019
1103,87.6655,841.777,85019
1104,937.314,843.231,85019
1105,2283.11,842.118,85019
1106,1293.39,841.667,85019
1107,1437.03,841.954,85019
1108,1582.97,843.678,85019
1109,532.376,845.338,85019
1110,2269.13,844.746,85019
1111,1023.06,846.653,85019
1112,1299.43,844.023,85019
1113,898.974,848.892,85019
1114,1633.02,848.851,85019
1115,2112.42,848.998,85019
1116,2350.32,848.528,85019
1117,1509.2,847.414,85019
1118,1461.49,849.425,85019
1119,754.046,852.897,85019
1120,1300.57,852.628,85019
1121,1313.41,850.575,85019
1122,1753.91,852.069,85019
1123,110.402,855.776,85019
1124,294.687,856.476,85019
1125,628.736,853.928,85019
1126,809.591,856.717,85019
1127,1145.11,857.572,85019
1128,231.724,855.632,85019
1129,1304.31,855.172,85019
1130,1465.44,855.091,85019
1131,1294.83,855.46,85019
1132,2205.94,855.555,85019
1133,1261.62,858.77,85019
1134,1313.22,857.586,85019
1135,1470.53,858.867,85019
1136,1316.9,859.655,85019
1137,11.0632,860.057,85019
1138,361.111,862.644,85019
1139,1288.62,861.034,85019
1140,1312.3,860.805,85019
1141,1331.48,864.815,85019
1142,246.286,864.81,85019
1143,209.914,865.733,85019
1144,1314.71,886.399,85019
1145,2015.74,866.648,85019
1146,2145.76,865.876,85019
1147,432.184,868.822,85019
1148,1550.85,867.709,85019
1149,1384.41,869.54,85019
1150,2264.48,870.575,85019
1151,1931.48,872.036,85019
1152,127.895,872.634,85019
1153,168.833,874.359,85019
1154,913.793,873.755,85019
1155,925.632,871.379,85019
1156,1206.72,873.671,85019
1157,1318.51,872.069,85019
1158,1719.86,873.915,85019
1159,2228.59,874.223,85019
1160,560.387,876.437,85019
1161,1173.21,878.921,85019
1162,1749.21,879.777,85019
1163,1956,877.686,85019
1164,1607.95,878.448,85019
1165,2344.25,878.33,85019
1166,1572.06,880.424,85019
1167,739.885,881.571,85019
1168,1366.67,879.885,85019
1169,1879.37,880.992,85019
1170,1330,883.333,85019
1171,1394.89,885.787,85019
1172,1630.1,883.405,85019
1173,410.426,884.893,85019
1174,1148.85,883.793,85019
1175,2317.99,885.145,85019
1176,877.556,889.051,85019
1177,928.338,887.313,85019
1178,2203.32,889.208,85019
1179,1677.06,890.021,85019
1180,201.351,892.701,85019
1181,981.478,894.489,85019
1182,1698.42,893.425,85019
1183,1897.13,891.379,85019
1184,436.617,893.76,85019
1185,693.039,895.69,85019
1186,1670.25,893.06,85019
1187,1656.61,894.324,85019
1188,861.367,894.572,85019
1189,1458.33,894.253,85019
1190,90.8345,898.367,85019
1191,2121.78,897.184,85019
1192,363.424,899.138,85019
1193,573.974,899.326,85019
1194,1723.77,897.336,85019
1195,1835.19,899.911,85019
1196,2245.87,898.38,85019
1197,1449.71,898.276,85019
1198,1456.03,897.989,85019
1199,629.454,900.431,85019
1200,1452.73,901.006,85019
1201,1367.17,904.598,85019
1202,2162.83,907.347,85019
1203,1447.7,904.713,85019
1204,242.578,909.795,85019
1205,43.5517,910.667,85019
1206,778.784,909.244,85019
1207,1851.72,907.471,85019
1208,1291.38,910.743,85019
1209,1086.3,911.451,85019
1210,168.678,910.632,85019
1211,528.952,911.998,85019
1212,743.38,912.663,85019
1213,1281.97,912.225,85019
1214,1016.52,914.297,85019
1215,1532.12,915.686,85019
1216,1960.85,914.08,85019
1217,271.149,914.828,85019
1218,1052.76,915.172,85019
1219,175.452,915.846,85019
1220,480.46,916.379,85019
1221,616.922,917.944,85019
1222,1930.75,915.517,85019
1223,646.552,917.378,85019
1224,554.526,920.044,85019
1225,1907.14,918.72,85019
1226,1977.59,919.348,85019
1227,2053.07,918.659,85019
1228,2260.74,919.215,85019
1229,2326.85,918.801,85019
1230,443.678,919.54,85019
1231,1134.2,919.445,85019
1232,2026.4,921.875,85019
1233,304.36,924.376,85019
1234,1161.23,923.799,85019
1235,1225.11,924.516,85019
1236,1767.03,924.713,85019
1237,1799.36,925.798,85019
1238,130.994,927.279,85019
1239,230.268,926.245,85019
1240,2092.69,925.644,85019
1241,883.103,925.402,85019
1242,176.054,928.289,85019
1243,1455.56,927.586,85019
1244,2213.73,931.926,85019
1245,1932.22,932.759,85019
1246,681.702,934.093,85019
1247,724.425,931.897,85019
1248,16.1736,934.631,85019
1249,1456.32,933.046,85019
1250,1502.06,934.72,85019
1251,1173.86,937.139,85019
1252,1218.39,933.333,85019
1253,1619.66,936.174,85019
1254,340.575,936.805,85019
1255,436.152,936.645,85019
1256,469.672,936.782,85019
1257,2195.76,937.411,85019
1258,145.402,937.069,85019
1259,1219.28,939.971,85019
1260,1268.58,939.655,85019
1261,756.687,939.864,85019
1262,1241.87,943.597,85019
1263,1984.81,941.738,85019
1264,2279.01,942.548,85019
1265,1248.66,943.87,85019
1266,1588.14,945.69,85019
1267,1824.24,945.03,85019
1268,1873.56,944.746,85019
1269,1230.46,944.828,85019
1270,694.932,947.178,85019
1271,811.363,948.302,85019
1272,1001.28,947.776,85019
1273,1264.08,947.845,85019
1274,1267.53,946.552,85019
1275,1287.36,946.839,85019
1276,1888.38,948.974,85019
1277,1248.47,950.095,85019
1278,1254.37,947.701,85019
1279,1259,947.701,85019
1280,1274.33,947.893,85019
1281,2352.68,948.723,85019
1282,1653.62,951.724,85019
1283,199.17,952.714,85019
1284,1291.25,950.894,85019
1285,1265.91,953.085,85019
1286,2330.89,953.197,85019
1287,1065.15,954.284,85019
1288,393.08,956.483,85019
1289,1775.32,956.355,85019
1290,875.977,956.744,85019
1291,1276.75,954.807,85019
1292,931.178,957.184,85019
1293,1324.59,960.668,85019
1294,1845.4,956.034,85019
1295,1261.49,959.195,85019
1296,760.153,962.507,85019
1297,2221.47,959.405,85019
1298,319.425,962.545,85019
1299,592.747,961.603,85019
1300,1048.81,962.797,85019
1301,1278.54,960.153,85019
1302,956.303,964.386,85019
1303,1352.53,962.414,85019
1304,1421.76,964.449,85019
1305,53.4839,966.559,85019
1306,503.793,967.931,85019
1307,2043.87,969.075,85019
1308,623.062,969.629,85019
1309,1654.13,970.259,85019
1310,248.982,970.394,85019
1311,1229.75,970.557,85019
1312,1587.4,970.895,85019
1313,870.115,968.966,85019
1314,1734.87,969.348,85019
1315,2128.22,970.908,85019
1316,112.069,972.874,85019
1317,475.862,975.693,85019
1318,1283.02,976.437,85019
1319,1979.96,975.917,85019
1320,2230.83,976.855,85019
1321,2321.88,976.284,85019
1322,69.869,980.509,85019
1323,902.874,979.693,85019
1324,1382.43,979.607,85019
1325,1501.72,981.652,85019
1326,851.359,981.87,85019
1327,1447.01,982.414,85019
1328,432.944,985.187,85019
1329,958.276,984.759,85019
1330,1138.51,984.538,85019
1331,1157.47,986.207,85019
1332,975.944,986.453,85019
1333,1018.66,986.6,85019
1334,1264.27,989.613,85019
1335,537.844,989.847,85019
1336,1891.35,992.102,85019
1337,292.578,992.079,85019
1338,1925.24,991.484,85019
1339,476.843,994.692,85019
1340,2117.57,995.856,85019
1341,454.421,997.259,85019
1342,561.808,996.186,85019
1343,905.172,996.207,85019
1344,1096.24,998.432,85019
1345,118.103,999.138,85019
1346,667.898,999.754,85019
1347,1473.04,1001.36,85019
1348,2155.56,1002.07,85019
1349,253.995,1002.05,85019
1350,2327.21,1002.13,85019
1351,1239.45,1002.04,85019
1352,1037.68,1005.03,85019
1353,568.628,1005.81,85019
1354,1978.35,1004.94,85019
1355,1751.27,1007.24,85019
1356,2004.19,1004.84,85019
1357,2250.29,1005.46,85019
1358,1113.9,1007.81,85019
1359,1139.72,1006.87,85019
1360,269.77,1008.39,85019
1361,713.283,1010.25,85019
1362,1215.23,1008.33,85019
1363,1525.42,1008.36,85019
1364,145.754,1011.78,85019
1365,1424.81,1014,85019
1366,1967.2,1015.43,85019
1367,1380.67,1016.47,85019
1368,672.811,1017.55,85019
1369,920.115,1019.04,85019
1370,303.563,1020.27,85019
1371,455.329,1021.73,85019
1372,1068.59,1023.71,85019
1373,640.093,1024.66,85019
1374,394.253,1024.71,85019
1375,1095.93,1026.72,85019
1376,313.218,1025.29,85019
1377,782.587,1030.46,85019
1378,1218.69,1030.15,85019
1379,2273.25,1028.6,85019
1380,1516.46,1031.03,85019
1381,1719.86,1032.44,85019
1382,2220.93,1030.83,85019
1383,1696.02,1031.79,85019
1384,1822.05,1031.93,85019
1385,2011.53,1033.43,85019
1386,1003.37,1033.83,85019
1387,812.86,1034.2,85019
1388,108.218,1035.52,85019
1389,75,1035.44,85019
1390,316.859,1034.87,85019
1391,1310.99,1038.85,85019
1392,1523.97,1037.69,85019
1393,915.217,1038.81,85019
1394,2287.67,1039.42,85019
1395,1659.44,1040.83,85019
1396,2041.1,1040.06,85019
1397,382.113,1043.01,85019
1398,594.598,1039.66,85019
1399,95.0632,1043.07,85019
1400,889.77,1043.3,85019
1401,1274.71,1044.37,85019
1402,2141.4,1042.66,85019
1403,2174.18,1042.64,85019
1404,2332.18,1042.24,85019
1405,1085.89,1043.04,85019
1406,1882.15,1044.42,85019
1407,1229.89,1042.87,85019
1408,1554.26,1045.15,85019
1409,1751.49,1046.47,85019
1410,1383.54,1046.24,85019
1411,1500.72,1046.62,85019
1412,13.6011,1051.76,85019
1413,1597.53,1052.67,85019
1414,1783,1051.49,85019
1415,1890.72,1052.09,85019
1416,1847.93,1051.61,85019
1417,323.461,1056.9,85019
1418,1758.43,1054.02,85019
1419,2022.87,1053.22,85019
1420,652.797,1060.57,85019
1421,740.178,1060.21,85019
1422,1147.09,1062.52,85019
1423,233.525,1066.69,85019
1424,1480.57,1064.79,85019
1425,1303.07,1067.2,85019
1426,1354.69,1067.71,85019
1427,623.215,1069.64,85019
1428,860.23,1069.5,85019
1429,917.279,1069.04,85019
1430,1466.3,1069.75,85019
1431,1564.18,1070.08,85019
1432,1642.53,1069.54,85019
1433,183.169,1073.4,85019
1434,1838.44,1072.44,85019
1435,2048.98,1072.86,85019
1436,2259.37,1072.95,85019
1437,1054.37,1071.38,85019
1438,770.738,1074.47,85019
1439,995.115,1075.89,85019
1440,2202.87,1075.01,85019
1441,1618.52,1074.93,85019
1442,458.046,1077.5,85019
1443,1976.92,1078.35,85019
1444,719.732,1077.97,85019
1445,2141.13,1080.34,85019
1446,1197.13,1078.93,85019
1447,127.011,1079.56,85019
1448,1676.72,1079.6,85019
1449,1856.45,1081.37,85019
1450,236.377,1084.14,85019
1451,832.452,1084.37,85019
1452,1248.82,1086.12,85019
1453,797.092,1087.58,85019
1454,958.151,1087.88,85019
1455,1041.31,1088.99,85019
1456,1416.67,1088.64,85019
1457,311.494,1087.36,85019
1458,1637.31,1089.89,85019
1459,514.036,1092.47,85019
1460,738.303,1092.63,85019
1461,2122.7,1090.73,85019
1462,2332.33,1092.1,85019
1463,1178.74,1092.1,85019
1464,2255.17,1091.38,85019
1465,2242.67,1094.83,85019
1466,1190.46,1094.71,85019
1467,345.913,1097.89,85019
1468,1730.46,1096.55,85019
1469,2152.57,1098.07,85019
1470,2002.87,1100.82,85019
1471,642.069,1102.13,85019
1472,148.817,1104.09,85019
1473,540.27,1104.83,85019
1474,871.647,1101.34,85019
1475,82.9644,1104.76,85019
1476,286.9,1104.76,85019
1477,1683.33,1102.59,85019
1478,169.601,1105.29,85019
1479,1014.37,1104.02,85019
1480,1315.1,1107.01,85019
1481,686.355,1107.44,85019
1482,1094.06,1108.4,85019
1483,1066.25,1108.37,85019
1484,1400.23,1108.34,85019
1485,1530.25,1108.59,85019
1486,2087.59,1108.11,85019
1487,1840.41,1110.39,85019
1488,389.046,1111.79,85019
1489,1882.06,1111.3,85019
1490,488.059,1112.84,85019
1491,884.06,1113.52,85019
1492,109.914,1115.16,85019
1493,379.885,1116.09,85019
1494,860.345,1114.08,85019
1495,30.3598,1118.07,85019
1496,1555.47,1120.99,85019
1497,1768.31,1119.96,85019
1498,1481.61,1121.26,85019
1499,2298.6,1122.78,85019
1500,905.583,1121.92,85019
1501,2331.44,1122.47,85019
1502,459.54,1124.37,85019
1503,1216.36,1124.52,85019
1504,2065.67,1125.56,85019
1505,875.017,1125.86,85019
1506,1449.58,1127.04,85019
1507,1914.54,1127.24,85019
1508,1163.43,1128.92,85019
1509,1277.01,1126.44,85019
1510,622.701,1127.01,85019
1511,1584.38,1129.31,85019
1512,245.977,1128.74,85019
1513,725.862,1129.02,85019
1514,751.437,1129.31,85019
1515,212.813,1132.22,85019
1516,319.261,1134.96,85019
1517,502.759,1134.02,85019
1518,1847.51,1132.76,85019
1519,1002.49,1138.35,85019
1520,2264,1138.4,85019
1521,1791.95,1136.78,85019
1522,598.276,1141.19,85019
1523,1343.23,1142.17,85019
1524,1312.51,1141.87,85019
1525,1420.57,1142.64,85019
1526,1946.09,1142.99,85019
1527,688.123,1146.2,85019
1528,1998.43,1144.87,85019
1529,802.313,1148.65,85019
1530,2113.08,1147.1,85019
1531,1098.8,1149.95,85019
1532,1229.31,1149.9,85019
1533,2317.34,1149.97,85019
1534,89.0322,1151.72,85019
1535,550.682,1150.6,85019
1536,1505.03,1151.5,85019
1537,1666.09,1153.65,85019
1538,1849.62,1152.94,85019
1539,476.769,1155.9,85019
1540,1883.01,1156.1,85019
1541,2183.09,1154.84,85019
1542,170.037,1156.62,85019
1543,348.851,1155.46,85019
1544,625.862,1156.58,85019
1545,1682.67,1158.36,85019
1546,752.822,1158.99,85019
1547,1961.08,1159.51,85019
1548,593.56,1161.1,85019
1549,2134.83,1159.54,85019
1550,2025.74,1162.19,85019
1551,408.514,1164.22,85019
1552,863.385,1164.53,85019
1553,128.515,1165.09,85019
1554,922.184,1164.31,85019
1555,1727.63,1166.93,85019
1556,288.793,1167.61,85019
1557,2228.74,1166.67,85019
1558,23.9356,1167.92,85019
1559,226.194,1168.33,85019
1560,1990.14,1169.77,85019
1561,1026.68,1172,85019
1562,1152.49,1172.8,85019
1563,1197.86,1173.61,85019
1564,381.155,1177.16,85019
1565,450.646,1177.55,85019
1566,1928.71,1176.76,85019
1567,1453.32,1178.2,85019
1568,1763.05,1179.92,85019
1569,260.991,1181.03,85019
1570,630.541,1182.51,85019
1571,2229.75,1180.68,85019
1572,807.336,1185.9,85019
1573,1071.21,1184.27,85019
1574,1529.02,1186.75,85019
1575,933.997,1186.87,85019
1576,1089.86,1185.53,85019
1577,1801.96,1187.08,85019
1578,2111.74,1186.89,85019
1579,548.084,1186.21,85019
1580,1603.62,1187.23,85019
1581,2264.5,1187,85019
1582,1017.51,1189.39,85019
1583,1654.48,1187.93,85019
1584,2143.21,1189.67,85019
1585,1298.85,1189.08,85019
1586,503.464,1191.31,85019
1587,1181.39,1192.61,85019
1588,902.038,1193.94,85019
1589,1218.49,1196.93,85019
1590,1484.75,1196.96,85019
1591,703.654,1198.32,85019
1592,2213.29,1199.67,85019
1593,109.77,1198.08,85019
1594,835.313,1200.13,85019
1595,977.969,1199.53,85019
1596,1936.64,1201.41,85019
1597,263.563,1200.11,85019
1598,955.337,1203.82,85019
1599,1335.31,1203.26,85019
1600,1851.37,1209.59,85019
1601,2308.85,1208.28,85019
1602,1345.6,1211.84,85019
1603,2004.33,1211.3,85019
1604,2025.22,1210.96,85019
1605,398.851,1212.21,85019
1606,2348.98,1211.32,85019
1607,617.522,1213.13,85019
1608,1062.79,1212.32,85019
1609,1641.38,1212.07,85019
1610,987.685,1213.71,85019
1611,1487.1,1214.58,85019
1612,1661.31,1218.13,85019
1613,42.4207,1217.71,85019
1614,905.747,1214.94,85019
1615,1389.19,1218.25,85019
1616,1443.72,1217.66,85019
1617,737.086,1218.7,85019
1618,1585.99,1220.41,85019
1619,1727.47,1219.33,85019
1620,179.064,1220.94,85019
1621,995.977,1220.69,85019
1622,2165.88,1219.38,85019
1623,1252.64,1222.75,85019
1624,1916.83,1220.44,85019
1625,118.729,1223.97,85019
1626,1621.37,1223.96,85019
1627,2082.52,1223.44,85019
1628,1071.33,1224.59,85019
1629,1795.02,1223.85,85019
1630,1288.64,1227.75,85019
1631,242.043,1227.72,85019
1632,348.368,1231.24,85019
1633,622.989,1231.88,85019
1634,898.04,1231.64,85019
1635,1899.27,1230.51,85019
1636,1197.18,1232.54,85019
1637,2290.25,1233.61,85019
1638,1219.18,1233.4,85019
1639,781.695,1236.41,85019
1640,710.274,1237.36,85019
1641,493.087,1239.34,85019
1642,2226.13,1238.28,85019
1643,1771.07,1239.88,85019
1644,1321.21,1239.81,85019
1645,1922.27,1238.94,85019
1646,2051.72,1237.93,85019
1647,50.4,1241.1,85019
1648,965.143,1241.65,85019
1649,101.264,1242.18,85019
1650,1547.82,1243.16,85019
1651,1023.31,1245.74,85019
1652,1724.66,1247.95,85019
1653,153.256,1247.7,85019
1654,2030.82,1248.49,85019
1655,282.061,1252.67,85019
1656,1510.64,1252.99,85019
1657,587.028,1251.48,85019
1658,1984.06,1254.21,85019
1659,808.462,1255.23,85019
1660,1877.21,1254.49,85019
1661,70.3069,1255.52,85019
1662,2187.8,1255.29,85019
1663,1615.14,1256.72,85019
1664,2105.69,1258.3,85019
1665,681.83,1259.02,85019
1666,1392.11,1258.67,85019
1667,772.159,1260.15,85019
1668,986.974,1259.96,85019
1669,1562.37,1260.29,85019
1670,429.31,1260.67,85019
1671,1334.36,1264.14,85019
1672,408.424,1265.84,85019
1673,522.485,1264.66,85019
1674,643.966,1262.36,85019
1675,617.639,1264.24,85019
1676,931.241,1266.37,85019
1677,2272.07,1263.33,85019
1678,1368.29,1267.34,85019
1679,1774.64,1267.06,85019
1680,2007.41,1265.98,85019
1681,1205.43,1268.13,85019
1682,309.483,1267.24,85019
1683,594.605,1269.5,85019
1684,680.676,1270.19,85019
1685,1047.01,1269.86,85019
1686,1177.11,1271.77,85019
1687,2293.56,1271.05,85019
1688,18.331,1271.68,85019
1689,233.908,1272.15,85019
1690,189.897,1274.47,85019
1691,487.854,1276.28,85019
1692,1080.13,1278.24,85019
1693,221.976,1281.06,85019
1694,2228.66,1280,85019
1695,896.115,1281.68,85019
1696,1171.42,1281.03,85019
1697,1688.93,1282.99,85019
1698,884.185,1282.78,85019
1699,1268.79,1283.48,85019
1700,41.3793,1281.61,85019
1701,107.363,1284.09,85019
1702,1009.3,1283.47,85019
1703,1971.15,1281.95,85019
1704,462.276,1287.1,85019
1705,727.105,1288.96,85019
1706,2288.83,1288.67,85019
1707,13.2184,1290.56,85019
1708,821.494,1290.23,85019
1709,1942.19,1292.71,85019
1710,363.137,1293.51,85019
1711,678.779,1294.16,85019
1712,1407.68,1294.2,85019
1713,1473.9,1294.78,85019
1714,1500.34,1292.07,85019
1715,1605.64,1294.15,85019
1716,1889.08,1294.83,85019
1717,1099.11,1296.08,85019
1718,1343.07,1297.8,85019
1719,2247.89,1294.64,85019
1720,538.992,1297.92,85019
1721,857.52,1297.32,85019
1722,190.502,1300.03,85019
1723,470.424,1299.12,85019
1724,1840.8,1301.43,85019
1725,2081.14,1300.78,85019
1726,310.189,1302.56,85019
1727,598.659,1303.87,85019
1728,659.737,1307.81,85019
1729,928.987,1309.02,85019
1730,1473.5,1308.69,85019
1731,3.48966,1308.54,85019
1732,750.061,1308.92,85019
1733,1301.13,1310.96,85019
1734,1705.81,1310.92,85019
1735,374.287,1312.17,85019
1736,1135.82,1312.22,85019
1737,1728.37,1315.61,85019
1738,454.3,1316.07,85019
1739,549.282,1315.16,85019
1740,1804.21,1318.14,85019
1741,1981.62,1320.59,85019
1742,973.659,1320.11,85019
1743,1390.54,1321.94,85019
1744,1591.12,1322,85019
1745,1918.07,1320.11,85019
1746,2210.73,1320.79,85019
1747,2226.74,1323.06,85019
1748,796.277,1323.26,85019
1749,940.562,1322.72,85019
1750,2143.84,1323.64,85019
1751,246.708,1324.24,85019
1752,467.529,1326.77,85019
1753,768.354,1327.12,85019
1754,1789.22,1325.5,85019
1755,1912.07,1327.08,85019
1756,360.384,1328.16,85019
1757,1325.86,1326.44,85019
1758,587.313,1330.02,85019
1759,1164.81,1331.38,85019
1760,2177.72,1333.64,85019
1761,2064.47,1334.13,85019
1762,1470.34,1334.95,85019
1763,1767.39,1334.48,85019
1764,389.329,1336.64,85019
1765,1183.91,1333.91,85019
1766,2111.78,1334.34,85019
1767,324.892,1337.5,85019
1768,516.397,1336.21,85019
1769,905.843,1336.3,85019
1770,1292.2,1336.95,85019
1771,144.508,1339.74,85019
1772,1041.29,1339.03,85019
1773,23.8011,1342.35,85019
1774,1548.02,1341.6,85019
1775,65.7092,1343.73,85019
1776,1814.37,1342.24,85019
1777,2007.98,1345.72,85019
1778,337.356,1346.46,85019
1779,1090.92,1345.63,85019
1780,108.621,1348.53,85019
1781,894.253,1350,85019
1782,1333.25,1348.03,85019
1783,2285.55,1350.29,85019
1784,792.047,1352.15,85019
1785,1238.79,1351.6,85019
1786,1254.89,1352.08,85019
1787,178.9,1352.87,85019
1788,730.194,1352.03,85019
1789,1100.25,1353.45,85019
1790,580.476,1354.33,85019
1791,1674.52,1356.48,85019
1792,1839.77,1355.71,85019
1793,283.333,1357.66,85019
1794,670.901,1358.2,85019
1795,1872.75,1357.23,85019
1796,239.24,1359.99,85019
1797,1074.05,1359.28,85019
1798,385.33,1360.65,85019
1799,983.583,1361.69,85019
1800,1617.31,1362.86,85019
1801,15.1724,1362.41,85019
1802,563.199,1364.39,85019
1803,1128.96,1366.8,85019
1804,834.241,1369.76,85019
1805,1011.3,1369.8,85019
1806,2142.49,1369.29,85019
1807,2337.08,1370.23,85019
1808,719.684,1371.03,85019
1809,2319.3,1374.29,85019
1810,301.085,1375.41,85019
1811,939.145,1376.56,85019
1812,2034.47,1377.79,85019
1813,1466.09,1377.83,85019
1814,1675.75,1376.67,85019
1815,1714.37,1379.77,85019
1816,2280.95,1380.62,85019
1817,604.741,1381.11,85019
1818,381.774,1381.81,85019
1819,569.436,1380.41,85019
1820,534.368,1381.03,85019
1821,1196.68,1384.07,85019
1822,2245.63,1380.57,85019
1823,683.272,1384.51,85019
1824,894.568,1384.3,85019
1825,1473.53,1383.68,85019
1826,1225.86,1386.34,85019
1827,1587.52,1387,85019
1828,2103.23,1386.49,85019
1829,1353.72,1389.26,85019
1830,1856.58,1387.26,85019
1831,492.023,1389.63,85019
1832,105.084,1389.88,85019
1833,28.0989,1391.32,85019
1834,1728.5,1392.02,85019
1835,247.553,1394.12,85019
1836,1059.05,1394.78,85019
1837,1296.76,1394,85019
1838,181.134,1395.28,85019
1839,1146.34,1394.51,85019
1840,2050.41,1394.58,85019
1841,511.047,1397.89,85019
1842,870.286,1398.31,85019
1843,1811.3,1398.82,85019
1844,539.114,1399.02,85019
1845,999.202,1401.39,85019
1846,1499.74,1401.55,85019
1847,1880.12,1402.03,85019
1848,1032.53,1403.89,85019
1849,1657.02,1403.84,85019
1850,1535.24,1405.51,85019
1851,1913.22,1407.38,85019
1852,781.78,1409.46,85019
1853,1252.26,1408.08,85019
1854,1406.79,1408.89,85019
1855,2208.2,1409.04,85019
1856,736.863,1410.26,85019
1857,1701.49,1410.46,85019
1858,2248.25,1412.78,85019
1859,956.897,1412.56,85019
1860,710.176,1417.04,85019
1861,259.305,1417.9,85019
1862,1566.41,1415.73,85019
1863,1980.61,1417.39,85019
1864,2319.96,1419.16,85019
1865,86.3391,1421.59,85019
1866,385.44,1420.11,85019
1867,2055.29,1420.34,85019
1868,67.5207,1423.63,85019
1869,651.872,1425.47,85019
1870,1147.54,1426.23,85019
1871,1622.71,1427.34,85019
1872,542.721,1427.24,85019
1873,887.069,1425.86,85019
1874,1094.75,1429.53,85019
1875,1275.15,1428.03,85019
1876,1779.42,1429.74,85019
1877,844.371,1431.21,85019
1878,2166.22,1431.86,85019
1879,2209.92,1433.03,85019
1880,1937.73,1434.55,85019
1881,442.234,1435.95,85019
1882,294.943,1437.66,85019
1883,977.394,1435.44,85019
1884,2080.5,1436.56,85019
1885,324.503,1438.44,85019
1886,1280.2,1437.74,85019
1887,1494.21,1438.37,85019
1888,792.168,1439.49,85019
1889,8.4931,1441.09,85019
1890,1757.13,1439.08,85019
1891,804.195,1441.61,85019
1892,925.369,1439.49,85019
1893,1193.58,1441.38,85019
1894,1412.61,1441.19,85019
1895,2028.33,1439.98,85019
1896,998.813,1442.18,85019
1897,1257.79,1443.07,85019
1898,1591.19,1443.29,85019
1899,1811.65,1440.7,85019
1900,412.816,1443.1,85019
1901,944.611,1444.04,85019
1902,1021.32,1444.53,85019
1903,165.92,1447.13,85019
1904,2148.16,1443.79,85019
1905,2353.02,1445.4,85019
1906,2047.94,1448.57,85019
1907,2110.76,1447.97,85019
1908,220.307,1450.19,85019
1909,543.283,1451.76,85019
1910,2062.93,1448.85,85019
1911,2158.37,1454.24,85019
1912,1191.88,1454.89,85019
1913,204.713,1456.61,85019
1914,1049.77,1455.06,85019
1915,1093.63,1456.21,85019
1916,1176.93,1456.69,85019
1917,1394.1,1456.51,85019
1918,1979.8,1454.95,85019
1919,50.5747,1456.08,85019
1920,1699.72,1457.41,85019
1921,2293.74,1458.79,85019
1922,630.997,1460.19,85019
1923,1218.14,1460.67,85019
1924,412.036,1462.77,85019
1925,1511.9,1462.43,85019
1926,1731.98,1462.92,85019
1927,1992.62,1463.56,85019
1928,2114.27,1463.86,85019
1929,1865.78,1465.63,85019
1930,335.44,1465.78,85019
1931,465.615,1466.89,85019
1932,618.995,1466.91,85019
1933,347.751,1467.44,85019
1934,983.477,1466.09,85019
1935,1064.4,1468.43,85019
1936,2018.23,1466.41,85019
1937,1699.33,1469.59,85019
1938,289.08,1471.13,85019
1939,1292.06,1472.67,85019
1940,1322.87,1474.34,85019
1941,872.094,1475.73,85019
1942,65.9195,1476.84,85019
1943,1838,1475.54,85019
1944,218.455,1477.91,85019
1945,354.389,1476.96,85019
1946,1645.37,1479.53,85019
1947,182.471,1477.59,85019
1948,1016.67,1481.56,85019
1949,403.41,1482.41,85019
1950,682.567,1483.86,85019
1951,829.41,1482.43,85019
1952,566.859,1483.05,85019
1953,1990.17,1482.95,85019
1954,599.085,1486.44,85019
1955,1132.87,1485.98,85019
1956,1355.66,1487.67,85019
1957,1781.69,1485.63,85019
1958,219.997,1488.05,85019
1959,2030.36,1486.59,85019
1960,590.767,1488.08,85019
1961,964.232,1488.91,85019
1962,2223.97,1488.92,85019
1963,1690.33,1490.13,85019
1964,2280.15,1489.52,85019
1965,583.49,1493.31,85019
1966,1293.53,1492.39,85019
1967,1407.83,1496.36,85019
1968,275.67,1497.51,85019
1969,1901.5,1499.54,85019
1970,717.067,1501.65,85019
1971,1211.86,1499.92,85019
1972,2068.06,1497.78,85019
1973,657.184,1499.43,85019
1974,873.816,1500.57,85019
1975,1511.26,1500.23,85019
1976,1751.96,1501.3,85019
1977,1972.13,1501.98,85019
1978,1531.97,1502.75,85019
1979,2320.57,1504.23,85019
1980,45.5667,1502.38,85019
1981,2229.71,1504.69,85019
1982,8.40345,1506.94,85019
1983,1252.71,1506.78,85019
1984,1803.45,1508.05,85019
1985,1156.45,1509.9,85019
1986,482.376,1508.43,85019
1987,1039.39,1510.34,85019
1988,1591.34,1510.14,85019
1989,2096.01,1510.45,85019
1990,1431.71,1511.96,85019
1991,792.463,1515.88,85019
1992,532.586,1516.64,85019
1993,759.537,1517.51,85019
1994,2151.01,1516.44,85019
1995,32.654,1516.56,85019
1996,53.646,1518.13,85019
1997,1345.66,1515.9,85019
1998,863.629,1520.21,85019
1999,2226.44,1520.02,85019
2000,999.483,1520.8,85019
2001,1087.13,1521.38,85019
2002,1484.48,1520.45,85019
2003,665.948,1521.84,85019
2004,2002.05,1523.23,85019
2005,358.447,1525.33,85019
2006,1302.81,1523.5,85019
2007,134.946,1527.79,85019
2008,1735.69,1527.86,85019
2009,1937.2,1531.5,85019
2010,172.884,1532.86,85019
2011,253.134,1533.66,85019
2012,623.298,1532.58,85019
2013,1427.94,1533.78,85019
2014,2026.19,1532.02,85019
2015,2236.61,1532.22,85019
2016,444.109,1533.55,85019
2017,1713.22,1533.58,85019
2018,1848.62,1532.07,85019
2019,2162.41,1534.9,85019
2020,1451.72,1537.71,85019
2021,1559.48,1538.59,85019
2022,182.376,1538.46,85019
2023,1527.24,1539.43,85019
2024,329.04,1541.95,85019
2025,1295.89,1541.16,85019
2026,1108.31,1544.74,85019
2027,1408.37,1544.89,85019
2028,2084.2,1545.4,85019
2029,1504.98,1545.21,85019
2030,1688.3,1547.7,85019
2031,667.507,1547.92,85019
2032,1604.75,1548.97,85019
2033,1983.91,1545.98,85019
2034,610.826,1551.15,85019
2035,2122.32,1551.05,85019
2036,106.93,1552.64,85019
2037,1007.87,1553.45,85019
2038,2033.01,1556.65,85019
2039,2252.66,1554.56,85019
2040,333.908,1555.17,85019
2041,924.483,1555.9,85019
2042,969.54,1555.17,85019
2043,1648.38,1556.46,85019
2044,839.943,1556.99,85019
2045,2094.59,1556.18,85019
2046,1813.71,1558.58,85019
2047,1092.35,1557.86,85019
2048,1202.82,1557.73,85019
2049,1805.17,1556.44,85019
2050,2335.15,1559.07,85019
2051,52.6184,1559.45,85019
2052,1043.93,1559.84,85019
2053,1539.08,1557.47,85019
2054,1944.75,1558.37,85019
2055,2279.66,1559.84,85019
2056,524.174,1561.14,85019
2057,555.961,1562.46,85019
2058,188.059,1562.52,85019
2059,1771.32,1564.73,85019
2060,1901.81,1568.06,85019
2061,680.339,1569.3,85019
2062,780.369,1569.66,85019
2063,449.557,1569.98,85019
2064,1970.44,1571.29,85019
2065,257.576,1572.05,85019
2066,1724.07,1571.46,85019
2067,165.446,1574.93,85019
2068,1226.77,1574.5,85019
2069,1258.39,1574.6,85019
2070,1597.13,1573.97,85019
2071,209.472,1576.86,85019
2072,1080.89,1573.99,85019
2073,1518.66,1578.11,85019
2074,1170.31,1578.81,85019
2075,2171.03,1577.82,85019
2076,2290.6,1577.63,85019
2077,1377.89,1579.04,85019
2078,2049.65,1581,85019
2079,1102.87,1579.31,85019
2080,2243.39,1579.89,85019
2081,66.1253,1584.08,85019
2082,106.092,1583.18,85019
2083,2208.66,1582.98,85019
2084,1985.28,1584.32,85019
2085,1429.26,1586.45,85019
2086,475.123,1584.48,85019
2087,1319.13,1586.39,85019
2088,250.634,1588.53,85019
2089,771.456,1586.4,85019
2090,456.705,1589.46,85019
2091,853.848,1590.68,85019
2092,1252.39,1591.2,85019
2093,1394.83,1591.29,85019
2094,1456.32,1589.94,85019
2095,1569.64,1590.33,85019
2096,1672.13,1592.73,85019
2097,1847.27,1591.09,85019
2098,178.821,1594.1,85019
2099,317.493,1594.43,85019
2100,1202.48,1594.14,85019
2101,1364.74,1594.95,85019
2102,2315.42,1594.38,85019
2103,1009.91,1595.21,85019
2104,978.133,1596.63,85019
2105,118.822,1597.63,85019
2106,947.055,1597.41,85019
2107,1069.69,1597.53,85019
2108,1755.03,1599.5,85019
2109,2230.99,1600.78,85019
2110,1879.22,1602.87,85019
2111,1092.86,1602.22,85019
2112,2145.76,1603.51,85019
2113,1837.75,1604.77,85019
2114,835.002,1607.03,85019
2115,1944.65,1605.57,85019
2116,1459.2,1607.47,85019
2117,720.66,1609.68,85019
2118,928.579,1612.59,85019
2119,986.543,1612.79,85019
2120,286.674,1614.4,85019
2121,556.897,1612.56,85019
2122,1299.11,1614.69,85019
2123,1131.31,1616.48,85019
2124,1518.49,1615.52,85019
2125,2026.65,1615.88,85019
2126,1885.82,1616.86,85019
2127,2173.32,1618.34,85019
2128,742.038,1620.11,85019
2129,1004.47,1619.16,85019
2130,2077.01,1617.24,85019
2131,2306.63,1620.39,85019
2132,531.363,1620.36,85019
2133,1671.39,1621.54,85019
2134,2091.03,1621.59,85019
2135,1484.43,1622.01,85019
2136,450.354,1624.03,85019
2137,496.072,1626.82,85019
2138,906.897,1626.09,85019
2139,1125.34,1625.44,85019
2140,1839.18,1627.35,85019
2141,588.454,1627.88,85019
2142,838.948,1627.72,85019
2143,10.9195,1627.59,85019
2144,2183.76,1630.37,85019
2145,1189.69,1631.76,85019
2146,88.9989,1634.28,85019
2147,385.811,1634.52,85019
2148,1711.49,1634.17,85019
2149,1311.01,1637.79,85019
2150,1792.11,1636.42,85019
2151,799.808,1638.96,85019
2152,1272.16,1637.75,85019
2153,418.282,1642.06,85019
2154,1439.5,1641.87,85019
2155,947.886,1642.66,85019
2156,1927.39,1642.39,85019
2157,298.718,1643.63,85019
2158,1054.48,1643.1,85019
2159,1606.05,1645.02,85019
2160,333.803,1643.52,85019
2161,781.691,1646.42,85019
2162,152.203,1649.23,85019
2163,1023.79,1650.51,85019
2164,1310.08,1649.23,85019
2165,1428.98,1647.7,85019
2166,2253.32,1648.47,85019
2167,657.672,1652.73,85019
2168,796.552,1650.72,85019
2169,850,1651.34,85019
2170,1073.28,1653.59,85019
2171,868.745,1653.54,85019
2172,2272.45,1653.04,85019
2173,91.5161,1656.24,85019
2174,1168.82,1656.25,85019
2175,1232.39,1654.86,85019
2176,1483.21,1655.43,85019
2177,1708.85,1655.52,85019
2178,1786.78,1653.83,85019
2179,1914.61,1654.93,85019
2180,556.711,1657.01,85019
2181,2059.2,1654.14,85019
2182,1639.76,1657.77,85019
2183,2115.37,1658.94,85019
2184,34.008,1658.4,85019
2185,1737.63,1660.04,85019
2186,2173.56,1658.62,85019
2187,2219.35,1659.77,85019
2188,2270.55,1660.2,85019
2189,632.091,1663.2,85019
2190,1517.7,1662.99,85019
2191,1198.88,1664.81,85019
2192,1564.47,1666.29,85019
2193,26.1494,1666.32,85019
2194,48.3138,1667.39,85019
2195,1531.23,1665.9,85019
2196,1802.87,1665.52,85019
2197,906.732,1669.33,85019
2198,536.176,1670.66,85019
2199,2101.89,1668.06,85019
2200,180.747,1670.21,85019
2201,2320.79,1670.74,85019
2202,861.084,1673.92,85019
2203,1469.14,1676.01,85019
2204,459.025,1676.1,85019
2205,1586.67,1675.17,85019
2206,253.884,1677.82,85019
2207,355.632,1677.3,85019
2208,2031.21,1677.9,85019
2209,315.599,1677.18,85019
2210,1413.79,1677.01,85019
2211,1272.36,1679.21,85019
2212,287.187,1681.64,85019
2213,1087.03,1682.59,85019
2214,1105.48,1682.57,85019
2215,1855.85,1682.68,85019
2216,1880.63,1682.53,85019
2217,131.724,1683.83,85019
2218,817.785,1684.33,85019
2219,1256.68,1684.99,85019
2220,1362.64,1683.91,85019
2221,741.718,1685.93,85019
2222,1818.71,1684.53,85019
2223,2299.24,1687.19,85019
2224,178.054,1687.72,85019
2225,762.315,1685.8,85019
2226,1023.99,1689.26,85019
2227,1980.46,1692.6,85019
2228,2255.19,1696.57,85019
2229,1938.96,1696.48,85019
2230,201.56,1697.62,85019
2231,1160.43,1697.81,85019
2232,948.818,1700.48,85019
2233,989.31,1697.59,85019
2234,1767.21,1702.25,85019
2235,789.574,1701.15,85019
2236,313.918,1702.77,85019
2237,478.232,1703.91,85019
2238,584.228,1704.47,85019
2239,2059.24,1704.07,85019
2240,96.7586,1706.18,85019
2241,1674.84,1706.96,85019
2242,1520.79,1707.38,85019
2243,1703.22,1708.66,85019
2244,1311.36,1709.47,85019
2245,967.098,1709.05,85019
2246,1991.74,1711.18,85019
2247,318.303,1712.94,85019
2248,673.034,1713.08,85019
2249,639.543,1714.73,85019
2250,1584.7,1714.54,85019
2251,1888.82,1713.74,85019
2252,1654.84,1716.3,85019
2253,1843.61,1717.15,85019
2254,874.454,1718.39,85019
2255,1468.01,1716.57,85019
2256,2157.65,1717.88,85019
2257,1117.7,1718.89,85019
2258,51.1494,1722.03,85019
2259,1358.78,1723.09,85019
2260,1744.34,1723.22,85019
2261,1082.57,1722.54,85019
2262,1561.91,1725.41,85019
2263,1982.5,1723.72,85019
2264,397.369,1726.65,85019
2265,2248.29,1727.15,85019
2266,1217.66,1728.97,85019
2267,1240.8,1727.16,85019
2268,1930.69,1727.59,85019
2269,1407.33,1730.95,85019
2270,1906.32,1730.1,85019
2271,1378.29,1730.55,85019
2272,2052.39,1730.41,85019
2273,370.69,1731.61,85019
2274,657.471,1729.89,85019
2275,205.014,1733.31,85019
2276,2321.78,1733.79,85019
2277,1993.45,1732.3,85019
2278,995.115,1733.91,85019
2279,1175.86,1734.48,85019
2280,2181.95,1737.68,85019
2281,282.105,1738.62,85019
2282,224.605,1740.09,85019
2283,370.997,1740.06,85019
2284,69.1322,1740.58,85019
2285,710.89,1741.39,85019
2286,939.705,1739.61,85019
2287,1790.11,1743.91,85019
2288,1388.46,1744.16,85019
2289,1738.55,1744.83,85019
2290,1645.66,1746.81,85019
2291,16.954,1745.11,85019
2292,124.063,1746.5,85019
2293,1340.34,1747.06,85019
2294,2112.16,1747.52,85019
2295,567.852,1748.67,85019
2296,1133.98,1749.53,85019
2297,2089.59,1749.83,85019
2298,686.308,1750.2,85019
2299,437.438,1753.04,85019
2300,677.272,1753.19,85019
2301,1304.27,1753.05,85019
2302,1464.04,1752.75,85019
2303,774.344,1753.9,85019
2304,858.998,1755.43,85019
2305,1882.04,1755.8,85019
2306,2047.7,1757.32,85019
2307,2269.48,1756.81,85019
2308,108.046,1758.89,85019
2309,1516.82,1759.16,85019
2310,2348.47,1758.53,85019
2311,549.713,1758.98,85019
2312,744.215,1760.46,85019
2313,894.828,1760.41,85019
2314,1181.26,1757.59,85019
2315,1207.47,1760.59,85019
2316,619.017,1761.55,85019
2317,933.793,1762.41,85019
2318,979.885,1762,85019
2319,1024.61,1762.82,85019
2320,1353.49,1762.27,85019
2321,1412.07,1759.77,85019
2322,1796.1,1762.45,85019
2323,1972.84,1762.64,85019
2324,506.897,1763.46,85019
2325,585.862,1764.71,85019
2326,1319.54,1764.94,85019
